ID,chain,knotted,sequence,loc_knot
3v5s,A,1,MVILGVGYFLLGLILLYYGSDWFVLGSERIARHFNVSNFVIGATVMAIGTSLPEILTSAYASYMHAPGISIGNAIGSCICNIGLVLGLSAIISPIIVDKNLQKNILVYLLFVIFAAVIGIDGFSWIDGVVLLILFIIYLRWTVKNGPSVVFSLVLLIIGLIGVLVGAELFVDGAKKIALALDISDKVIGFTLVAFGTSLPELMVSLAAAKRNLGGMVLGNVIGSNIADIGGALAVGSLFMHLPAENVQMAVLVIMSLLLYLFAKYSKIGRWQGILFLALYIIAIASLRM,41-235
3v5u,A,1,MVILGVGYFLLGLILLYYGSDWFVLGSERIARHFNVSNFVIGATVMAIGTSLPEILTSAYASYMHAPGISIGNAIGSCICNIGLVLGLSAIISPIIVDKNLQKNILVYLLFVIFAAVIGIDGFSWIDGVVLLILFIIYLRWTVKNGSAKNNPSVVFSLVLLIIGLIGVLVGAELFVDGAKKIALALDISDKVIGFTLVAFGTSLPELMVSLAAAKRNLGGMVLGNVIGSNIADIGGALAVGSLFMHLPAENVQMAVLVIMSLLLYLFAKYSKIGRWQGILFLALYIIAIASLRMGGG,41-233
4k1c,A,1,TAWRAAVYDLQYILKASPLNFLLVFVPLGLIWGHFQLSHTLTFLFNFLAIIPLAAILANATEELADKAGNTIGGLLNATFGNAVELIVSIIALKKGQVRIVQASMLGSLLSNLLLVLGLCFIFGGYNRVQQTFNQTAAQTMSSLLAIACASLLIPAAFRATLPFIDGKILELSRGTSIVILIVYVLFLYFQLGSHHALFEQQEEETDEVMSTISRNPHHSLSVKSSLVILLGTTVIISFCADFLVGTIDNVVESTGLSKTFIGLIVIPIVGNAAEHVTSVLVAMKDKMDLALGVAIGSSLQVALFVTPFMVLVGWMIDVPMTLNFSTFETATLFIAVFLSNYLILDGESNWLEGVMSLAMYILIAMAFFYYPDE,57-304
4kjr,A,1,NRIFFILVAAGVPLSVIGSLMHWPSAVLFAVYCVTIIALASYMGRATESLSIIRIGGLLNATFGNAVELIISMFALKEGLTGIVLASLTGSVLGNLLLVAGLSFFVGGLKYARQEFNIHDARHNSGLLIFAIIVAFVIPEVFSVGMGNASKLNLSIGISIIMILLYVAALYFKEWSGKVATIVLFAATIVVAYISENLVHTFHSVAEQFGWSELFIGVIIVAIVGNAAEHASAIIMAFKNKMDIAVEIAVGSTLQIAMFVAPVLVICSIFFPTSMPLVFTLPELVAMVSAVLLMIAISNDGDSNWFEGATLLAAYVIMAIGFFLL,48-274
4kjs,A,0,IFFILVAAGVPLSVIGSLMHWPSAVLFAVYCVTIIALASYMGRATESLSIRIGGLLNATFGNAVELIISMFALKEGLTGIVLASLTGSVLGNLLLVAGLSFFVGGLKYARQEFNIHDARHNSGLLIFAIIVAFVIPEVFSVGMGNASKLNLSIGISIIMILLYVAALYFKSGKVATIVLFAATIVVAYISENLVHTFHSVAEQFGWSELFIGVIIVAIVGNAAEHASAIIMAFKNKMDIAVEIAVGSTLQIAMFVAPVLVICSIFFPTSMPLVFTLPELVAMVSAVLLMIAISNDGDSNWFEGATLLAAYVIMAIGFFLL,
4kpp,A,1,DFTKEKFQLLAISSLTLPWLISLAFNYHHPALTQTLLSGLAVVSASFLISWAAETAEMDVPRSFSLAIVALLAVLPEYAVDGYFAWKAGSVGGEYVHYATANMTGANRLLIGIGWSLVAFIAFRTLKSKEVELDDGIRLEIFFLFLATLYAFTLPLKGHISPFDALVFVSLYAIYIYLSTKAEREEVEVGGVPAYLCSLKTETRRLSVVVLFLFAGFTILMSVEAFSEGLLETARIAGIDEFLAVQWIAPLASESPELIVAIYFVRRFRVSASMNALISSKVNQWTLLIGTIAIIYSISAFKLQSLPLDARQSEEVLLTAAQSLFAVAILLDLKISWKEASALFLLFIVQLLFPGVEVRYIISAIYIILSLPILFAKRKEIVESFRTVKRLISLE,77-273
5hwx,A,1,MVILGVGYFLLGLILLYYGSDWFVLGSERIARHFNVSNFVIGATVMAIGTSLPEILTSAYASYMHAPGISIGNAIGSCICNIGLVLGLSAIISPIIVDKNLQKNILVYLLFVIFAAVIGIDGFSWIDGVVLLILFIIYLRWTVKNGSAKNNPSVVFSLVLLIIGLIGVLVGAELFVDGAKKIALALDISDKVIGFTLVAFGTSLPELMVSLAAAKRNLGGMVLGNVIGSNIADIGGALAVGSLFMHLPAENVQMAVLVIMSLLLYLFAKYSKIGRWQGILFLALYIIAIASLRM,44-229
5hwy,A,1,MVILGVGYFLLGLILLYYGSDWFVLGSERIARHFNVSNFVIGATVMAIGTSLPEILTSAYASYMHAPGISIGNAIGSCICNIGLVLGLSAIISPIIVDKNLQKNILVYLLFVIFAAVIGIDGFSWIDGVVLLILFIIYLRWTVKNGSAEIEENNDKNNPSVVFSLVLLIIGLIGVLVGAELFVDGAKKIALALDISDKVIGFTLVAFGTSLPELMVSLAAAKRNLGGMVLGNVIGSNIADIGGALAVGSLFMHLPAENVQMAVLVIMSLLLYLFAKYSKIGRWQGILFLALYIIAIASLR,44-230
5jdh,A,1,MVILGVGYFLLGLILLYYGSDWFVLGSERIARHFNVSNFVIGATVMAIGTSLPEILTSAYASYMHAPGISIGNAIGSCICNIGLVLGLSAIISPIIVDKNLQKNILVYLLFVIFAAVIGIDGFSWIDGVVLLILFIIYLRWTVKNGSAEIEKNNPSVVFSLVLLIIGLIGVLVGAELFVDGAKKIALALDISDKVIGFTLVAFGTSLPELMVSLAAAKRNLGGMVLGNVIGSNIADIGGALAVGSLFMHLPAENVQMAVLVIMSLLLYLFAKYSKIGRWQGILFLALYIIAIASLRM,42-233
5jdm,A,1,MVILGVGYFLLGLILLYYGSDWFVLGSERIARHFNVSNFVIGATVMAIGTSLPEILTSAYASYMHAPGISIGNAIGSCICNIGLVLGLSAIISPIIVDKNLQKNILVYLLFVIFAAVIGIDGFSWIDGVVLLILFIIYLRWTVKNGSAEIENPSVVFSLVLLIIGLIGVLVGAELFVDGAKKIALALDISDKVIGFTLVAFGTSLPELMVSLAAAKRNLGGMVLGNVIGSNIADIGGALAVGSLFMHLPAENVQMAVLVIMSLLLYLFAKYSKIGRWQGILFLALYIIAIASLR,41-233
5jdq,A,1,MVILGVGYFLLGLILLYYGSDWFVLGSERIARHFNVSNFVIGATVMAIGTSLPEILTSAYASYMHAPGISIGNAIGSCICNIGLVLGLSAIISPIIVDKNLQKNILVYLLFVIFAAVIGIDGFSWIDGVVLLILFIIYLRWTVKNGSAEIENNPSVVFSLVLLIIGLIGVLVGAELFVDGAKKIALALDISDKVIGFTLVAFGTSLPELMVSLAAAKRNLGGMVLGNVIGSNIADIGGALAVGSLFMHLPAENVQMAVLVIMSLLLYLFAKYSKIGRWQGILFLALYIIAIASLRM,41-229
A0A199WDB9,,1,MNRIFFILVAAGVPLSVIGSLMHWPSAVLFAVYCVTIIALASYMGRATESLSIIAGPRIGGLLNATFGNAVELIISLFALKEGLTGIVLASLTGSVLGNLLLVAGLSFFVGGLKYKRQEFNIHDARHNSGLLIFAIIVAFVIPEVFSVGMGNASKLNLSIGISIIMILLYVAALYFKLVTHRGVYQPNNAAQTEEEEEPEWSGKVATIVLFAATIVVAYISENLVHTFHSVAEQFGWSELFIGVIIVAIVGNAAEHASAIIMAFKNKMDIAVEIAVGSTLQIAMFVAPVLVICSIFFPTSMPLVFTLPELVAMVSAVLLMIAISNDGDSNWFEGATLLAAYVIMAIGFFLL,
A0A857HEP4,,1,MNRIFFILVAAGVPLSVIGSLMHWPSAVLFAVYCVTIIALASYMGRATESLSIIAGPRIGGLLNATFGNAVELIISLFALKEGLTGIVLASLTGSVLGNLLLVAGLSFFVGGLKYKRQEFNIHDARHNSGLLIFAIIVAFVIPEVFSVGMGNASKLNLSIGISIIMILLYVAALYFKLVTHRGVYQPNNATQTEEEEEPEWSGKVATIVLFAATIVVAYISENLVHTFHSVAEQFGWSELFIGVIIVAIVGNAAEHASAIIMAFKNKMDIAVEIAVGSTLQIAMFVAPVLVICSIFFPTSMPLVFTLPELVAMVSAVLLMIAISNDGDSNWFEGATLLAAYVIMAIGFFLL,
G4EYV1,,1,MNRIFFILVAAGVPLSVIGSLMHWPSAVLFAVYCVTIIALASYMGRATESLSIIAGPRIGGLLNATFGNAVELIISLFALKEGLTGIVLASLTGSVLGNLLLVAGLSFFVGGLKYKRQEFNIHDARHNSGLLIFAIIVAFVIPEVFSVGMGNASKLNLSIGISIIMILLYVAALYFKLVTHRGVYQPNNAAQSEEEEEPEWSGKVATIVLFAATIVVAYISENLVHTFHSVAEQFGWSELFIGVIIVAIVGNAAEHASAIIMAFKNKMDIAVEIAVGSTLQIAMFVAPVLVICSIFFPTSMPLVFTLPELVAMVSAVLLMIAISNDGDSNWFEGATLLAAYVIMAIGFFLL,
A0A8B5NI63,,1,MNRIFFILVAAGVPLSVIGSLMHWPSAVLFAVYCVTIIALASYMGRATESLSIIAGPRIGGLLNATFGNAVELIISLFALKEGLTGIVLASLTGSVLGNLLLVAGLSFFVGGLKYKRQEFNIHDARHNSGLLIFAVIVAFVIPEVFSIGMGDASKLNLSIGISIIMILLYVAALYFKLVTHRGVYQPNNAAQHEEEEQPEWSGKVATIVLFAATIVVAYISENLVHTFHSVAEQFGWSELFIGVIIVAIVGNAAEHASAIIMAFKNKMDVAVEIAVGSTLQIAMFVAPVLVICSIFFPTSMPLVFTLPELVAMVSAVLLMIAISNDGDSNWFEGATLLAAYVIMAIGFFLL,
A0A7T5M316,,1,MNRIFFILVAAGVPLSVIGSLMHWPSAILFAVYCVTIIALASYMGRATESLSIIAGPRIGGLLNATFGNAVELIISLFALKEGLTGIVLASLTGSVLGNLLLVAGLSFFVGGLKYKRQEFNIHDARHNSGLLIFAIIVAFVIPEVFSVGMGDTSKLNLSIGISIILILLYVAALYFKLVTHRGVYQPNNAVQPEEEEQPEWSGKVATIVLFAATIVVAYISENLVHTFHSVAEQFGWSELFIGVIIVAIVGNAAEHASAIIMAYKNKMDIAVEIAVGSTLQIAMFVAPVLVICSIFFPVSMPLVFTLPELVAMVSSVLLMIAISNDGDSNWFEGATLLAAYVIMAIGFFLL,
A0A1Q9FIW4,,1,MNRIFFILVAAGVPLSVIGSLMHWPSAVLFAVYCVTIIALASYMGRATEALSIIAGPRIGGLLNATFGNAVELIISIFALKEGLTGIVLASLTGSVLGNLLLVAGLSFFVGGLKYKRQEFNIHDARHNSGLLIFAVIVAFVIPEVFSIGMGDASKLNLSIGISIILILLYVAALYFKLVTHRGVYQPNNAVQHEEEEQPEWSGKVATIVLFAATIVVAYISENLVHTFHSVAEQFGWSELFIGVIIVAIVGNAAEHASAIIMAYKNKMDIAVEIAVGSTLQIAMFVAPVLVICSIFFPVSMPLVFTLPELVAMVSSVLLMIAISNDGDSNWFEGATLLAAYVIMAIGFFLL,
A0A6H2JN43,,1,MNRIFFILVAAGVPLSVIGSLMHWPSAVLFAVYCVTIIALASYMGRATESLSIIAGPRIGGLLNATFGNAVELIISLFALKEGLTGIVLASLTGSVLGNLLLVAGLSFFVGGLKYKRQEFNIHDARHNSGLLIFAIIVAFVIPEVFSVGMGDTSKLNLSIGISIILILLYVAALYFKLVTHRGVYQPKNAVKPEEEEQPEWSGKVATLVLFAATIVVAYISENLVHTFHSVAEQFGWSELFIGVIIVAIVGNAAEHASAIIMAYKNKMDIAVEIAVGSTLQIAMFVAPVLVICSIFFPVSMPLVFTLPELVAMVSSVLLMIAISNDGDSNWFEGATLLAAYVIMAIGFFLL,
M4KQS7,,1,MNRIFFILVAAGVPLSVIGSLMHWPSAVLFAVYCVTIIALASYMGRATESLSIIAGPRIGGLLNATFGNAVELIISLFALKEGLTGIVLASLTGSVLGNLLLVAGLSFFVGGLKYKRQEFNIHDARHNSGLLIFAIIVAFVIPEVFSVGMGNASKLNLSIGISIIMILLYVAALYFKLVTHRGVYQPNNAAQTEEEEEPEWSGKVATIVLFAATIVVAYISENLVHTFHSVAVPFGWSELFIGVIIVAIVGNAAEHASAIIMAFKNKMDIAVEIAVGSTLQIAMFVAPVLVICSIFFPTSMPLVFTLPELVAMVSAVLLMIAISNDGDSNWFEGATLLAAYVIMAIGFFLL,
E0TVL3,,1,MNRIFFILVAAGIPLSVIGSFMHWPSAILFAVYCVTIIALASYMGRATESLSIIAGPRIGGLLNATFGNAVELIISIFALKEGLTGIVLASLTGSVLGNLLLVAGLSFFVGGLKYKRQEFNIHDARHNSGLLIFAIIVAFVIPEVFSVGMGDVSKLNLSIGISIILILLYVAALYFKLVTHRGVYQPNNATQHVEEEEPEWSGKVATIVLFAATIAVAYISENLVHTFHSVAEQFGWSELFIGVIIVAIVGNAAEHASAIIMAYKNKMDIAVEIAVGSTLQIAMFVAPVLVICSIFFPVSMPLVFTLPELVAMVSSVLLMIAISNDGDSNWFEGATLLAAYVIMAIGFFLL,
G4NUF1,,1,MNRIFFILVAAGIPLSVIGSFMHWPSAILFAVYCITIIALASYMGRATESLSIIAGPRIGGLLNATFGNAVELIISLFALKEGLTGIVLASLTGSVLGNLLLVAGLSFFVGGLKYKRQEFNIHDARHNSGLLIFAIIVAFVIPEVFSVGMGDVSKLNLSIGISIILILLYVAALYFKLVTHRGVYQPNNAAQHVEEEEPEWSGKVATIVLFAATIAVAYISENLVHTFHSVAEQFGWSELFIGVIIVAIVGNAAEHASAIIMAYKNKMDIAVEIAVGSTLQIAMFVAPVLVICSIFFPVSMPLVFTLPELVAMVSSVLLMIAISNDGDSNWFEGATLLAAYVIMAIGFFLL,
A0A6H0WFX8,,1,MNRIFFILVAAGVPLSVIGSFMHWPSAVLFAVYCITIIALASYMGRATESLSIIAGPRIGGLLNATFGNAVELIISLFALKEGLTGIVLASLTGSVLGNLLLVAGLSFFIGGLKYKRQEFNIHDARHNSGLLIFAIIVAFVIPEVFSIGMGDASKLNLSIGISIIMILLYVAALYFKLVTHRGVYQPNNAVQNEEEEQPEWSGKVATIVLFAATIVVAYISENLVHTFHSVAEQFGWSELFIGVIIVAIVGNAAEHASAIIMAYKNKMDIAVEIAVGSTLQIAMFVAPVLVICSIFFPVSMPLVFTLPELVAMVSSVLLMIAISNDGDSNWFEGATLLAAYVIVAIGFFLL,
A0A7V8K434,,1,MNRIFFILVAAGVPLSVIGSFMHWPSAILFAVYCVTIIALASYMGRATESLSIIAGPRIGGLLNATFGNAVELIISIFALKEGLTGIVLASLTGSVLGNLLLVAGLSFFIGGLKYKRQEFNVHDARHNSGLLIFAIIVAFVIPEVFSIGMGDTSKLNLSIGISIIMILLYVAALYFKLVTHRGVYQPNNAVQHEEKEQPEWSGKVATIVLFAATIVVAYISENLVHTFHSVAEQFGWSELFIGVIIVAIVGNAAEHASAIIMAYKNKMDIAVEIAVGSTLQIAMFVAPVLVICSIFFPVSMPLVFTLPELVAMVSSVLLMIVISNDGDSNWFEGATLLAAYIIMAIGFFLL,
A0A3A5HYB9,,1,MNRIFFILVAAGVPLSVIGSLMHWPSAVLFAVYCVTIIALASYMGRATEALSIIAGPRIGGLLNATFGNAVELIISIFALKEGLTGIVLASLTGSVLGNLLLVAGLSFFVGGLKYKRQEFNIHDARHNSGLLIFAVIVAFVIPEVFSIGMGDASKLNLSIGISIILILLYVAALYFKLVTHRGVYQPNNAVQHEEEEQPEWSGKVATIVLFAATIVVAYISENLVHTFHSVAEQFGWSELFIGVIIVAIVGNAAEHASAIIMAYKNKMDIAVEIAVGSTLQIAMFVAPVLVICSIFFPVRMPLVFTLPELVAMVSSVLLMIAISNDGDSNWFEGATLLAAYVIMAIGFFLL,
A0A4R6HKB6,,1,MNRIFFILVAAGIPLSVIGSFMHWPSAILFAVYCITIIALASYMGRATEALSIIAGPRIGGLLNATFGNAVELIISLFALKEGLTGIVLASLTGSVLGNLLLVAGLSFFVGGLKYKRQEFNIHDARHNSGLLIFAIIVAFVIPEVFSVGMGDVSKLNLSIGISIILILLYVAALYFKLVTHRGVYQPNHAAQHVEEEEPEWSGKVATIVLFAATIAVAYISENLVHTFHSVAEQFGWSELFIGVIIVAIVGNAAEHASAIIMAYKNKMDIAVEIAVGSTLQIAMFVAPVLVICSIFFPVSMPLVFTLPELVAMVSSVLLMIAISNDGDSNWFEGATLLAAYIIMAIGFFLL,
A0A5D4N613,,1,MNRIFFILVAAGVPLSVIGSLMHWPSVILFALYCVTIIALASYMGRATESLSIIAGPRIGGLLNATFGNAVELIISLFALKEGLTGIVLASLTGSVLGNLLLVAGLSFFVGGLKYKRQEFNIHDARHNSGLLIFAIIVAFVIPEVFSVGMGNVGKLNLSIGISIILMLLYVAALYFKLVTHRGVYQPKNNSAQHVEEEEPEWSGKIATIVLFAATIAVAYISENLVHTFHSVAEQFGWSELFIGVIIVAIVGNAAEHASAIIMAYKNKMDVAVEIAVGSTLQIAMFVAPVLVICSIFFPVSMPLVFTLPELVAMVSSVLLMIAISNDGDSNWFEGATLLAAYVIMAIGFFLL,
A0A410WJ74,,1,MNRIFFILVAAGVPLSVIGSLMHWPSVILFALYCVTIIALASYMGRATESLSIIAGPRIGGLLNATFGNAVELIISLFALKEGLTGIVLASLTGSVLGNLLLVAGLSFFVGGLKYKRQEFNIHDARHNSGLLIFAIIVAFVIPEVFSVGMGDVGKLNLSIGISIILMLLYVAALYFKLVTHRGVYQPKNNDSQHVEEEEPEWSGKIATIVLFAATIAVAYISENLVHTFHSVAEQFGWSELFIGVIIVAIVGNAAEHASAVIMAYKNKMDVAVEIAVGSTLQIAMFVAPVLVICSIFFPVSMPLVFTLPELVAMVSSVLLMIAISNDGDSNWFEGATLLAAYVIMAIGFFLL,
A0A365UR39,,0,LSFFVGGLKYKRQEFNIHDARHNSGLLIFAIIVAFVIPEVFSVGMGNASKLNLSIGISIIMILLYVAALYFKLVTHRGVYQPNNAAQTEEEEEPEWSGKVATIVLFAATIVVAYISENLVHTFHSVAEQFGWSELFIGVIIVGDCRNAAEHASAIIMAFKNKMDIAVEIAVGSTLQIAMFVAPVLVICSIFFPTSMPLVFTLPELVAMVSAVLLMIAISNDGDSNWFEGATLLAAYVIMAIGFFLL,
A0A0H3DYJ6,,1,MNRIFFILVAAGVPLSVIGSLVHWPAAILFTIYCITIIALASYMGRATESLAIIAGPRIGGLLNATFGNAVELIISIFALKEGLTGIVLASLTGSVLGNLLLVAGLSFFVGGLKYKRQVFNIHDARHNSGLLVFAVIVAFVIPEIFSIGMGHTSKLNLSVGISVIMILLYVAALYFKLVTHRGVYQPKNETAKPEEEEQPEWSLKAATAVLFAATIVVAYISENLVHTFHSVAAQFGWSELFIGVIIVAIVGNAAEHASAIIMAYKNKMDVAVEIAVGSTLQIAMFVAPILVICSLFFPTSMPLVFTLPELVSMVSAVLLMIAISNDGDSNWFEGATLLAAYVIMAIGFFLL,
A0A837XPV7,,1,MNRIFFILVAAGVPLSVIGSLVHWPAAILFTIYCITIIALASYMGRATESLAIIAGPRIGGLLNATFGNAVELIISIFALKEGLTGIVLASLTGSVLGNLLLVAGLSFFVGGLKYKRQVFNIHDARHNSGLLVFAVIVAFVIPEIFSIGMGHTSKLNLSVGISVIMILLYVAALYFKLVTHRGVYQPKNEAAKPEEEEQPEWSLKAATAVLFAATIVVAYISENLVHTFHSVAAQFGWSELFIGVIIVAIVGNAAEHASAIIMAYKNKMDVAVEIAVGSTLQIAMFVAPILVICSLFFPTSMPLVFTLPELVSMVSAVLLMIAISNDGDSNWFEGATLLAAYVIMAIGFFLL,
A0A150FC14,,1,MNRIFFFTAAAGVPLSVIGSLMHWPSAILFIIYCVTIIALASYMGRATESLAIIAGPRIGGLLNATFGNAVELIISLFALKEGLTGIVLASLTGSVLGNLLLVAGLSFFIGGLKYKRQEFNIHDARHNSGLLIFAIIVAFVIPEVFSMDMGEKSKLNLSVGISIIMILLYVAALYFKLVTHRGVYQPNQPAAKEEEKPEWSGKRATAVLFAATVIVAYISENLVHTFHAVAEQFGWSELFIGVIIVAIVGNAAEHASAIIMAYKDKMDIAVEIAVGSTLQIAMFVAPVLVICSVFFPVSMPLVFTLPELVAMISSVLLMTMISNDGDSNWFEGATLLAAYVIMAIGFFLL,
A0A853LC09,,1,MNRIFFFTAAAGVPLSVIGGLMHWPSAVLFMIYCLTIIALASYMGRATESLAIIAGPRIGGLLNATFGNAVELIISLFALKEGLTGIVLASLTGSVLGNLLLVAGLSFFIGGLKYKRQEFNIHDARHNSGLLIFAIIVAFVIPEVFSMDMGEKSKLDLSVGISIIMILLYVAALYFKLVTHRGVYQPNQPEAKEEEEQPEWSGKRATAVLFIATIIVAYISENLVHTFHAVAEQFGWSELFIGVIIVAIVGNAAEHASAIIMAYKDKMDVAVEIAVGSTLQIAMFVAPVLVICSIFFPVNMPLVFTLPELVAMISSVLLMTMISNDGDSNWFEGATLLAAYVIMAIGFFLL,
A0A7U4I0Y5,,1,MNRIFFFTAAAGVPLSVIGSLIHWPSAVLFIIYCLTIIALASYMGRATESLAIIAGPRIGGLLNATFGNAVELIISLFALKEGLTGIVLASLTGSVLGNLLLVAGLSFFIGGLKYKRQEFNIHDARHNSGLLIFAIIVAFVIPEVFSMDMGEKSKLDLSVGISIIMILLYVAALYFKLVTHRGVYQPNQPEAKEEEEQPEWSGKRATAVLFIATIIVAYISENLVHTFHAVAEQFGWSELFIGVIIVAIVGNAAEHASAIIMAYKDKMDVAVEIAVGSTLQIAMFVAPVLVICSVFFPVNMPLVFTLPELVAMISSVLLMTMISNDGDSNWFEGATLLAAYVIMAIGFFLL,
A0A8B2V3F7,,1,MNRIFFFTAAAGVPLSVIGSLIHWPSAVLFIIYCLTIIALASYMGRATESLAIIAGPRIGGLLNATFGNAVELIISLFALKEGLTGIVLASLTGSVLGNLLLVAGLSFFIGGLKYKRQEFNIHDARHNSGLLIFAIIVAFVIPEVFSMDMGEKSKLNLSVGISIIMILLYVAALYFKLVTHRGVYQPNQPEAKEDEDQPEWSGKRATAVLFIATIIVAYISENLVHTFHAVAEQFGWSELFIGVIIVAIVGNAAEHASAIIMAYKDKMDVAVEIAVGSTLQIAMFVAPVLVICSVFFPVNMPLVFTLPELVAMISSVLLMTMISNDGDSNWFEGATLLAAYVIMAIGFFLL,
A0A2K9KEH2,,1,MNRIFFFTAAAGVPLSVIGSLMHWPSAVLFMIYCLTIIALASFMGRATESLAIIAGPRVGGLLNATFGNAVELIISLFALKEGLTGIVLASLTGSVLGNLLLVAGLSFFIGGLKYKRQEFNIHDARHNSVLLIFAIIVALVIPEVFSIDMGEKSKLDLSVGISIIMILLYVAALYFKLVTHRGVYQPNQPEAKEEEEQPEWSGKRATAVLFIATIIVAYISENLVHTFHAVAEQFGWSELFIGVIIVAIVGNAAEHASAIIMAYKDKMDVAVEIAVGSTLQIAMFVAPVLVICSVFFPVNMPLVFTLPELVAMISSVLLMTMISNDGDSNWFEGATLLAAYVIMAIGFFLL,
A0A7U0YHV4,,1,MNRIFFFTAAAGVPLSVIGGLMHWPSAVLFIIYCLTIIALASYMGRATESLAIIAGPRIGGLLNATFGNAVELIISLFALKEGLTGIVLASLTGSVLGNLLLVAGLSFFIGGLKYKRQEFNIHDARHNSGLLIFAIIVAFVIPEVFSMDMGEKSKLNLSVGISIIMILLYVAALYFKLVTHRGVYQPNQPEAKKEEEQPEWSGKRATAVLFISTIIVAYISENLVHTFHAVAEQFGWSELFIGVIIVAIVGNAAEHASAIIMAYKDKMDVAVEIAVGSTLQIAMFVAPVLVICSIFFPVNMPLVFTLPELVAMISSVLLMTMISNDGDSNWFEGATLLAAYVIMAIGFFLL,
A0A8A8BG18,,1,MNRIFFFTAAAGVPLSVIGGLMHWPSAVLFIIYCLTIIALASYMGRATESLAIIAGPRIGGLLNATFGNAVELIISLFALKEGLTGIVLASLTGSVLGNLLLVAGLSFFIGGLKYKRQEFNIHDARHNSGLLIFAIIVAFVIPEVFSMDMGEKNKLDLSVGISIIMILLYVAALYFKLVTHRGVYQPNQPEAKEEEEQPEWSGKRATAVLFISTIIVAYISENLVHTFHAVAEQFGWSELFIGVIIVAIVGNAAEHASAIIMAYKDKMDVAVEIAVGSTLQIAMFVAPVLVICSIFFPVNMPLVFTLPELVAMISSVLLMTMISNDGDSNWFEGATLLAAYVIMAIGFFLL,
A0A6A8LJN8,,1,MNRIFFFTAAAGVPLSVIGGLMHWPSAVLFIIYCLTIIALASYMGRATESLAIIAGPRIGGLLNATFGNAVELIISIFALKEGLTGIVLASLTGSVLGNLLLVAGLSFFIGGLKYKRQEFNIHDARHNSGLLIFAIIVAFVIPEVFSMDMGEKNKLDLSVGISIIMILLYVAALYFKLVTHRGVYQPNQPEAKEEEEQPEWSGKRATAVLFISTIIVAYISENLVHTFHAVAEQFGWSELFIGVIIVAIVGNAAEHASAIIMAYKDKMDVAVEIAVGSTLQIAMFVAPVLVICSIFFPVNMPLVFTLPELVAMISSVLLMTMISNDGDSNWFEGATLLAAYVIMAIGFFLL,
A0A7U2PIB2,,1,MNRIFFFTAAAGVPLSVIGGLMHWPSAVLFIIYCLTIIALASYMGRATESLAIIAGPRIGGLLNATFGNAVELIISLFALKEGLTGIVLASLTGSVLGNLLLVAGLSFFIGGLKYKRQEFNIHDARHNSGLLIFAIIVAFVIPEVFSMDMGEKNKLDLSVGISIIMILLYVAALYFKLVTHRGVYQPNQPEAKVEEEQPEWSGKRATAVLFISTIIVAYISENLVHTFHAVAEQFGWSELFIGVIIVAIVGNAAEHASAIIMAYKDKMDVAVEIAVGSTLQIAMFVAPVLVICSIFFPVNMPLVFTLPELVAMISSVLLMTMISNDGDSNWFEGATLLAAYVIMAIGFFLL,
O29988,,1,MDFTKEKFQLLAISSLTLPWLISLAFNYHHPALTQTLLSGLAVVSASFLISWAAETAEMDVPRSFSLAIVALLAVLPEYAVDGYFAWKAGSVGGEYVHYATANMTGANRLLIGIGWSLVAFIAFRTLKSKEVELDDGIRLEIFFLFLATLYAFTLPLKGHISPFDALVFVSLYAIYIYLSTKAEREEVEVGGVPAYLCSLKTETRRLSVVVLFLFAGFTILMSVEAFSEGLLETARIAGIDEFLAVQWIAPLASESPELIVAIYFVRRFRVSASMNALISSKVNQWTLLIGTIAIIYSISAFKLQSLPLDARQSEEVLLTAAQSLFAVAILLDLKISWKEASALFLLFIVQLLFPGVEVRYIISAIYIILSLPILFAKRKEIVESFRTVKRLIS,
A0A101E2Z8,,1,MDFTKEKFQLLAISSLTLPWLISLAFNYHHPALTQTLLSGLAVVSASFLISWAAETAEMDVPRSFSLAVVALLAVLPEYAVDGYFAWKAGSVGGEYVHYATANMTGANRLLIGIGWSLVAFIAFRTLKSKEVELDDGIRLEIFFLFLATLYAFTLPLKGHISPFDALVFVSLYAIYIYLSTKAEREEVEVGGVPAYLCSLKTETRRLSVVVLFLFAGFTILMSVEAFSEGLLETARIAGIDEFLAVQWIAPLASESPELIVAIYFVRRFRVSASMNALISSKVNQWTLLIGTIAIIYSISAFKLQSLPLDARQSEEVLLTAAQSLFAVAILLDLKISWKEASALFLLFIVQLLFPGVEVRYIISAIYIILSLPILFAKRKEIVESFRTVKRLIS,
A0A075WC36,,1,MDFTKEKFQLLAISSLTLPWLISLAFNYHHPALTQTLLSGLAVVSASFLISWAAETAEMDVPRSFSLAIVALLAVLPEYAVDGYFAWKAGSVGGEYVHYATANMTGANRLLIGIGWSLVAFIAFRTLKSKEVELDDGIRLEIFFLFLATLYAFTLPLKGHISPFDALVFVSLYAIYIYLSTKAEREEVEVGGVPAYLCSLKTETRRLSVVVLFLFAGFTILMSVEAFSEGLLETARIAGIDEFLAVQWIAPLASESPELIVAIYFVRRFRVSASMNVLISSKVNQWTLLIGTIAIIYSISAFKLQSLPLDARQSEEVLLTAAQSLFAVAILLDLKISWKEASALFLLFIVQLLFPGVEVRYIISAIYIILSLPILFAKRKEIVESFRTVKRLIS,
A0A7C3MBB5,,1,MDFRKEKLQLLFISLLSLPWLISFILNYHHPPLIQTFLSGMAVVSASFLISWAAETAEKDVPRSFSLAVVALLAVLPEYAVDGYFAWMAGRVGGDYVHYATANMTGANRLLVGIGWSLIAFLAFKAMKTREVELDEGIRLEIFFLLLATIYAFTLPLKNSISPFDAIVFVSLFAFYVFLATKAEREEVEMYGVPAYLCTLKTEKRRSAVVLLFLFAGSVILMSVEAFAEGLLETSKIFGIDEFLAVQWIAPLASESPELIVASYFVKRLRVTASMNALISSKVNQWTLLIGTIAVIYSISAFKLQSLPLDERQSEEVLLTAAQSLFAVAILLDLKISWKEALALFILFTVQLIFPGVEVRYIISAVYIILALPILIRKRQEVVKSFRTVRGLIS,
A0A0F7DBZ1,,1,MGYLRERFQILFAFTLTLPWLISYLLGFHYPPHIEALLSGLAVLGSAFLLSWAAETAEMDVPRSVSLAAVALLAVLPEYAVDAYFAWMAGKVGGDYIHYATANMTGANRLLIGVGWSLIMLIAIFKSRKREVELDEGLRLEMFFLLIATIYAFILPLKGSISVFDSLIFVSMYAGYAYMITKAPHEDFTPEGVPAYLCSLPAKRRRANVVAYMLYAGAMIFISVEAFSEGLLGTAENFGIDSFLMVQWLAPLASESPEFIVAMYLVRKMRVSAGLNALISSKVNQWTLLIGTIAIVFSIAGMHVQPLPLDARQREEVFLTAAQSLFATAIILDRKVGVVEALALLSLFCLQFVFPTVHARNILSVIYLALALPMLYRHRKELIETVRYVRTLARR,
A0A7C3YGU8,,1,MDFLKEKIQLITAFMLTIPWIISFFLKIHYPPQIEALISGFAVVGAAFLLSWASETAEMDVPRSLSLAVVALLAVLPEYAVDAYFTWMAGKVGGEYIHYATANMTGANRLLIGIGWSIVMFIAIFKSKKRYVELDDSLNLEIFFLFIATLYSFILPIKDSISLMDSFVFVSLYILYVFLAYKAEHEEFEPEGVPKFICQLETRARRFIVMFLMIFAAFVIFISVEAFSEGLLGTAKMWGIDEFLVVQWIAPLASESAEFIVAIYLVKKMRVSAGLNALISSKVNQWTLLIGTLAVVYSISLMEIAALPLDVRQRGEIFLTAAQSLFATALILDKRVTLWEAFSLFFLFLVQIAFPSVEVRYLISLIYLILAIFVLMKNKKYIPITFEYVKTLATR,
A0A0A7GFZ0,,1,MKHRVQIALAFALTFPWLVSFFLKIQYPPHIEAFLSGLAVLGSAFLLSWAAETAEMDVPRSVSLAAVALLAVLPEYAVDGYFAWMAGKVGGDYIHYATANMTGANRLLIGVGWSAVMLLAMLKTKRKEIELDRGLNLEIFFLFLASIYAFILPLKGSISVFDSVVFVSLYAAYAYLTTKSEREEFEPEGVPEYLCNLPTHRRRANVLFYMFYSGFMIFISVEAFSEGLLGTAEMFGIDSFLMVQWLAPLASEAPEFIVALYLVRKLRTSAGFNALISSKVNQWTLLIGTIAVIFSISSMRLAALPLDARQSEEVLLTAAQSVFALAVIMDRRVNVYEAVALLALFLIQFALPSVHARIILSIAYMALAVPFLVLHRKSVVESARYVRSLAKR,
A0A7C4TK47,,1,MFWKEKTFILLAIIGTIPWIISFILSYHYPPTIEALLSGMAVISAAFLLSWGAETAEKDLPRSLSLAIVALIAVLPEYAVDMYFTWMAGKAGGEYIHYAAANMTGANRLLLGIGWSLVAIVAMLKLRKREIELDEGIRLEFFILFLASIYCFIIPIKGEISLIDTLILVSMFLLYIYSATKAEREEFEAVGVPAYLCCFPTRKRRISVIFLLLFSGSVILISVEAFAEGLVASARVFGIDEFLMVQWIAPLASEAPEFIVAVYFVRKLRTTASFNTLISSKVNQWTLLVGCLALIYSISLASPSALPLDERQREEFLLTAAQSLLGVAVIINLRFSIFEALALLGLFLAQFVYQSVEMRYLLSFIYIAIAVPALYVHRREIVKSYFFVLELLRNKR,
A0A7J2TJ20,,1,MFLKEKIFLGIAVSAALPWIVSFLLSVQYAPYVEALISGIAIVSAAFLLSWAAETAEKDLPRSLSLAFVALIAVLPEYAVDLYFAWMAGKVGGDYIHYAAANMTGANRLLLGIGWSLVALMAMFKFKSREIVLDEGIRLEFFILFVASLYCFVIPLKGQISIFDAAVLFCIFFFYLYVATRAKKEEFEPVGVPAYLCCFPATKRRTSVVLLFLFSGFVILISVEAFAEGLVKTAKIFGIDEFLMVQWIAPLASESPEFIVAIYFIRRLRTTASFNTLVSSKVNQWTLLVGCLALVYSIALGSPSELPLDERQKEEFLLTAAQSLLGVAIIINLRFSIFEAFALLILFLAQFVYHSVEMRYLLSFLYIVLAVPMLLVHRSEIAKSYRHVMGLLR,
A0A832D4P0,,1,MFLKEKISIILAVLSAFPWLISFFVSIHYPPYFEALLAGVAVVSAAFLLSWAAETAEKDLPRSLSLAVVALLAVLPEYAVDLYFAWMAGKVGGGYIHYAAANMTGANRLLLGIGWSMVAIFAMIKLRKKEVVLDEGIRLEFFMLLIASLYCFSIPLKSEISILDAFFLLLIYVLYLYSATRAHREEFEAVGVPAYLCCFPVKKRRASVVFLFLFSAFVILVSVEAFAEGLIETAKIFGIDEFLMVQWIAPLASEAPEFIVAIYFIRRFRTTASFNTLVSSKVNQWTLLVGCLAIIYSLALGSPSSLPLDDRQREEFLLTAAQSLLGVAIIINLRLNIFEALALLFLFLLQFVYQSVEMRYLLSLAYLLLAIPSLVAHRHEIGKSFNYVLKLLNKR,
A0A832EYP2,,1,MFLKERTLILLAVLGTLPWIISFVFSTHYSAPVEAFLSGMAVISAAFLLSWGAETAEKDLPRSLSLAIVALIAVLPEYAVDMYFTWMAGKMGGEYIHYAAANMTGANRLLLGIGWSIVAIFAMWKLKKREIELDEGIRLEFFALLLASLYCFLIPIKGDISLLDTAILGSIFLLYIYSATKAEREEFIAVGVPAYLCRLSVRRRRGSVILMLLFSAFVILISVEAFAEGLVNSARIFGVDEFLMVQWIAPLASEAPEFIVAIYFVRKLRTTASFNTLVSSKVNQWTLLVGCLALIYSISLASPSTLPLDDRQKEEFLLTAAQSLLGVAVIINLRFNIFEALALLGLFLAQFIYQTVETRYLLSFIYILIAVPVLFIHWREIFKSYRFVLLLLRGKR,
D2REF8,,1,MQREKMMIFTAITFTFPWIFSYIYQIHYPPHVTALISGSAVISSAFLISWSAETAEIDIPRSLSLAVVALLAVLPEYAVDVYFAWMAGKVGGAYTHYATANMTGANRLLLGVGWSLVALTAMMKLRKGEVELDEGLRLETFILLLATLYCFTIPLKGNIHPVDGLILISLFFLYIYLATKAYREEFELEGVPKYLASFPEKIRRIIIVTLLFFSAFVIFISVEAFAEALIGTAKSFGLDEFLMVQWVAPLASESPEFVVAMYLVRRMRITAGMNALISSKVNQWTLLIGCLPIVYSMALLTPSPLPLDARQREEILLTASQSLFGLAIISNLRINLWEALALLTLFLAQFVYESIETRYILSIIYIALSIPIIVKERENIRVAMRYITRVINS,
A0A497RKE3,,1,MRREGLMILISITFTLPWIISHLLHIHYPPHLKSLLSGIAVISAGFIISWSAETAEIDIPRSLSLAVVAFLAVLPEYAVDVYFAWMAGKFGGEYVHYATANMTGANRLLLGIGWSLVALIAMKRLRSIKVELDEGLRLETTILLIATIYSFTIPLKSSIHPIDSIFLISIFIAYIYLATKAYREEVTLEGVPRYLSSFPDLTRRTIVIALLSFSAFVIFVSVEAFAEGLIETAKSFGFDEFLMVQWVAPIASESPEFVVAMYLVRRMRVTAGMNSLISSKVNQWTLLIGTLPLVYSLSLGFFSPLPLDSRQREEIILTASQSLFGLAVISNLRISLWEALTLITLFISQFIYESVEMRYILSLIYLSLSFPIILKERKQIMKSLRVIFP,
D3S1T5,,1,MRYLKEKVFVALAVFTTFPWLISFFVGIKYSPPFEAFIAGMAVVGAAFLLSWAAETAEMDVPRSLSLAVVALLAVLPEYAVDMYFAWMAGRVGGDYIHYAAANMTGANRLLLGVGWSLVAFVAMLKTRKKEVELDEGIRLEFFVLLIASLYCFLIPLRGEISLIDSVVLIFLYALYVKLALKAPREEFEPAGVPAYFCKLPVKKRRVSVVILMLYAALIIFISVEAFAEGLIKTAENFGIDEFLMVQWIAPLASESPEFIVAMYLVRKLRVTAGINALVSSKVNQWTLLIGCLAVVYSIALAHPSDLPLDARQREEVLLTAAQSLLGVAIIIDLRLHLYEAALLLSLFLLQFVYQSVEMRLFLSFLYIAIAVPIILRNLKEVRKSYEFVRTLARR,
A0A256Y1F0,,1,MSFLKEKIQIILILLLTLPWILSLALKITYPPHFQAFLSGMAIIAAAFLISWAAETAEIDLPRSFSLALVALLVVLPEYAVDAYFAWVAGKIGGEYIHYTTANMTGANRLLIGIGWSSIAMFAMFKKRKKLIILDQGIYLESFVLLIATIYAFTIPVRGEISYIDSIFFIALYFFYLFLAIKSKGEEFEMLGVARYLSKFSGNLRHFLLFIMFIYAGFVIFVSVGGFSEGLIHTAKKFGLDEYLIVQWVAPIASEAPELVVGMYFVNRLRVTAGINSLISAKVNQWTLLIGTISLVYSLSIFRISALPLDTRQAEEIFLTAAQSLFALSILLNLRLTFIEAISLLALFLVQLIFPDVLVRYVISLLYIFLSIPLFIVRFSNIKRSLSYVINLAK,
A0A2H6JU81,,1,MVNKNIAAIGSAVFLTLPWIIIRFSGFSLTPPLAAFLSGVAIIGAAFLLSWAAETSEIDVPRSASLAFVALIAVMPEYAVDIYFTWQAGQAPQSPYVHYAVANMTGANRLLIGIGWSMVFLLAIFWKNNTDKKFVELDKSINLEILFLLAATLYAFTLYFKSDISIFDTLIFISLYIAYIILAMRSPHEEPELEGVPSFLASFGSLKRKLSVLLFFVFSGFIILISVESFSEGLIKSASHLGINPFLMVQWVAPLASESPELIVAAYLIKRARTTASLNALISSKLNQWTLLIGTIPVVYSLSLGGIGALPLDHRQSEELLLTAAQSLFAIAVILNLRVSVPEALLILALFLVQFFIPGVGGRVELSVVYIVLSLILFIWRREYLIKALKGFSL,
A0A497JEC6,,1,MKKSILAILGAIALALPWIIIRSKGIAVSPTSEALFSGLAIVGGAFILSWAAEVAEMDVPKSASLALVALIAVLPEYAVDLYFAWQAGKYPALEYRHYAIANMTGANRLLIGIGWALVVLFAAILQGKKEVELKERLNLETFFLLMATLYAFVLPLKDSISLFDSLVFISIYICYIFLALKSPYEEPELIGVPSFIGSFTKRIRRGMVICMFLFSGYVIYISVEAFAEGLIKVGMLHGLDPFLMVQWIAPLASESPELIVACYMVKRLRATSSMNVLISSKLNQWTLLVGTLPIVYSIALGEPSALVMDARQREEVLLTAAQSLFGVAVISNLRISVLEAIFLLVLFLGQLAIPEIGARYVFSGVYIILALAWFFREKKLIDNISYLRKLYKT,
A0A497HL77,,1,MRKSILGIVGAFVLTLPWIIVKISGTGVSPAIEALFSGLAIVGGAFVLSWAAEVAEVDVPMSVSLALVALIAVLPEYAVDMYFAWKAGKYPAMQYHHYAVANMTGANRLLIGIGWAIVVLFAATLQRKKEIELKKRLKLESSFLLIATIYAFILPLKGSISLFDSLVFISIYACYIFFALRSPKEEPELIGIPAFIASFPKKVRRIVVICMFIFSGYVIYISVEAFAEGLIKVGALHGLDPFLMVQWVAPLASESPELIVAFYMVKKLRATSSMNVLISSKLNQWTLLIGTLAIVYSIAIGYPSALIMDSRQREEVLLTAAQSLFGVAVISDMKISVVEALLLLSLFLSQLIVTHVRARYLFSLIYILLAILWVIRQDGVRRLCSSLGTRK,
A0A4Y3FUA6,,1,MVNKNIAAICSAVFLTLPWIVISFSGLSLNPTQAAFFSGVAIIGAAFLLSWAAETSEIDVPMSASLAFVALIAVLPEYGVDMYFTWQAGQAPQSSYVHYAIANMTGANRLLIGIGWSMVFLLAIYWKNNTGKKFVELDKSINLEILFLLAATLYAFTLYFEPNISLFDTLIFISLYIAYMIMVMRSPHEEPKLEGVPSFLASFGSLKRKLSVILFFVFSGFIILISVESFSEGLIKSASHFGINPFLLVQWIAPLASESPELIVAAYLIKRARTTASLNALISSKLNQWTLLIGTIPIVYSLSLGGIGALPLDHRQNEELLLTAAQSLFAIAVIMNLKVSVPEALLILALFLVQFFIPSVGGRVELSAVYIFLSLILFIWRREYLIKALKGFSL,
A0A7V1MKD5,,1,MQRINKLHIALLAGTVLLTVPWLSVAFGTHPSAVATVLLSGLAILGAAFLISWSAELAQFDVSRSLAMALLALIAVLPEYAVDIYLAWKAAHHPEYIPLVAANMTGANRLLVGIGWSGVVFLGWLALRRQGKLPSSGQIPIEPVLAIEVTVLTVATLYSLLLPLKATITVWDAVIFVLIFAGYVWLAGRAPHIEPEPAGPVATLAELPKGWRRVAYVLMFLYSGFIILVATEPFTEGLIHLGKSFGISEFLLIQWIAPLASESPEMIILCYFALRGHVASAMSAIISSKINQWTLLIGSLPVIYSISAGHVSFLPLEPRPREEVLLTAAQSLFACAVIANRFFSRLEALLLFVLFATQLLIPSIAARYAFTILYFVLAVVWMFAYRREVTVNLNLFYRLAKRLPVSEEVT,
A0A2H5X054,,1,MQRINKLHIALLAGTVLLTVPWLSVAFGTHPSAVATVLLSGLAILGAAFLISWSAELAQFDVSRSLAMALLALIAVLPEYAVDIYLAWKAAHHPEYIPLVAANMTGANRLLVGIGWSGVVFLGWLALRRQGKLPSSGQIPIEPVLAIEVTVLTVATLYSLLLPLKATITVWDAVIFVLIFAGYVWLAGRAPHIEPEPAGPVATLAELPKGWRRVAYMLMFLYSGFIILVATEPFTEGLIHLGKSFGISEFLLIQWIAPLASESPEMIILCYFALRGHVASAMSAIISSKINQWTLLIGSLPVIYSISAGHVSFLPLEPRPREEVLLTAAQSLFACAVIANRFFSRLEALLLFVLFATQLLIPSIAARYAFTILYFVLAVVWMFAYRREVTVNLNLFYRLAKRLPVSEEVT,
A0A7V3WCU2,,1,MQNNRTLHIALIIGTVLLTVPWLAVAFGTHPSAPVTVFLSGLAILGAAFLISWSAELAQFDVSRSLAMALLALIAVLPEYAVDIYLAWRAAHHPEYIPLVAANMTGANRLLVGVGWSAVVFLGWMALRKQGKIPAEGQIPIEPVLAIEVTTLTVATLYSLVLPLKGTITLWDAVVFVLMFAGYVWTAGRAPHIEPEPAGPVATLAALPRRWRRASYVLMFLYSGFIILIATEPFTEGLIHLGKSFGISEFILIQWIAPLASESPEMIILCYFALRGHVASAMSAIISSKINQWTLLIGSLPIIYSVSAGHFSFLPLEPRPREEVLLTAAQSLFACAVIANRFFSRLEALLLFVLFAVQLVIPSIAARYAFTVLYFVLALGWMFAYRREVAVNLTIFYRLLKRQPVDKEVT,
A0A7C2LAG9,,1,MPANRALHIALMVGTVLLTVPWLVVAFGTHPSAPVTVVLSGLAILGAAFLISWSAELAQFDVSRSLAMALLALIAVLPEYAVDIYLAWRAAHHPEYIPLVAANMTGANRLLVGVGWSAVVFLGWMALRKQGKIPAEGQIPIEPVLAIEVTTLTVATLYSLVLPLKDTITLWDAVVFVLMFAGYVWMAGRAPHIEPEPTGPVATLAALPRGWRRASYVLMFLYSGFIILIATEPFTEGLIDLGKSFGISEFLLIQWIAPLASESPEMIILCYFALRGHVASAMSAIISSKINQWTLLIGSLPIIYSVSAGHFSFLPLEPRPREEVLLTAAQSFFACAVIANRFFSRLEALLLFVLFAVQLLIPSIAARYAFTVLYFVLAMGWILAYRREVAVNMNIFYRLVKRLPVDKEVT,
A0A7C3NRE5,,1,MANWLWIVSSTVLCLQWIIIHLSGAHPAPHWMALSAGVAIFGAAFMLSWAAELAQKDIPQALAIALLALIAVLPEYAVDMYFAWQAGKDPKYTAFAMANMTGANRLLIGVGWAAVVVTYFLKTGQKSIELEPGHKNEILYLGLATVYSFLIPIKGRLDVLDALAFIAIFGLYMRAASTADHVEPELEGPPAMIEGWGEGARRLFTVLFFLYSGFTIFIAAEPFAEGLLATGRTFGIEEFILVQWLAPLASESPEFIVAILFALKAQPGTSMGALLSSKVNQWTLLIGMLPVVFMLSAGRIGPMEMDQRQIEEMFLTAAQSLFAVAILANLSFSLFEATVIFLLFSTQLLFPDPQFRFYYSFLYIVLAVGLVIGKKDARAGVLGLFGRRPAGIMEKQ,
A0A2T4TVN5,,1,MSVNLRLIAAILLPLQWIGIRLFDVHLPPQWEMVGAGLAIFGAAFLLSWAAEVAQVDIPQALALAFLALVAVLPEYAVDIYFAWSAGKDPTYIPYATANMTGANRLLIGVGWASVVVTFWLKTRHRQVVLDRSRYIELFHLVLATIYSFIIPLKGTLSALDSLILVAIFVSYMISVSKAQVVEPELDGGVGELLMQLQPNYRRLATIAMFVYAGLGIFLAAEPFAESLLATGRIFAIEEFLLVQWLAPLASESPEFIVAIVFALRGNPGASMGTLLSSKVNQWTLLIGTLPLAYNLSAGHLGAMHLDARQTEEIFLTAAQSLFAIAVLVNLSFSLTEAGLIFVLFITQLFFTDPISRHLYAIGYIVLAVSWFIASRSSRQGLAAMVVERWAGTTVAASHQK,
K1YGD3,,1,MTSKATMTFKDKLAIFAVFAVCIQWIILKNMGIHLPSPYNAICPGIAIFGAAYILSWGGELSVFEIPQALAISFLAIVAVLPEYAVDMYFAWQAGTKPEYIHFATANMTGANRILIGIGWAAVVFAYYIKTKKGEVKLEPGNRVELLALTLATLYCFIIPFKGTLSYIDSIFLLSLFAWYMYQSSRANHEEPEVEGPVESIAHWARGPRLAATLIFFIFSGYTIFISAEPFAEGLLESGRHLGIEEFILVQWLAPLASEAPEFIVAILFALRGRAKQSLGMLVSSKVNQWTLLVGMLPLVYAISSGGWNVMQMDARQAEEILLTAAQSIFAIVLIINLRFSITEALLLFVLFMTQLFFTTPEARHAYSFVYIALAIGWFLIIRGNREGFIQMFKDGFKNPKNIR,
A0A1F9FPK9,,1,MADWLWLGSAILLCLQWIVLHLAHVPLSPEWEALAAGLAIFGAAFILSWAAELAQLDIPQTLALAVLALLAVLPEYAVDMYFAWMAGKNPQYTAYATANMTGANRLLIGVGWATVVFTYWLKTGKKAFDLESSHKIEIFYLGLATLYSFVIPFKKQLDLLDAAILITIFVLYIRAASRAAHVEPELEGPTEMIAGWGVQPRRVATVLLFALAGYTIFISAEPFAEGLLATGRTFGIEEFLLVQWLAPLASESPEFIVAILFALKANPGASIGTLISSKVNQWTLLIGMLPMVYMISAGQLTPMHMDSRQVEEVFLTAAQSLFAVAVLANLSFSLTEATMLFVLFSTQLLIPDPRFRYYYSFLYIVLTVGMFVMSKENRRAFLALFCRSSGASS,
A0A7T9CW53,,1,MPKTKDLVFITLVFLCCLQWISLKYFGVSLHPPWNAISPGLAIFGAAYMLSWGAELSQFEIPRSLAIAFLALIAVLPEYAVDMYFAWEAGTKPEYVHYATANMTGSNRLLIGVGWAAVVFAYFYKTKKGEVKLENSNRTEILALALATLYSFSIPLKGNISWIDSIIFLSIFVWYMIQVCKSSHEEPELEGPIEKLASWPRLPRVLATLFFFIFSGFTIFISAEPFAEGLLVAGEHLGIEKFILVQWLAPLASESPEFIVAIIFALRAHASNSLGTLISSKVNQWTLLIGMLPIVYNLSAGHFHPMPMDARQAEELFLTSAQSFFAIIMIVNLRFSITEALLLFVLFVSQLFFTTTEARTLYAFVYLMLGVGWIFVVKGNKESIVQLFKRR,
A0A7Y3DAG7,,1,MTEPAPAQRKRDVALFVVSAVLPLPWLVADAFGGLSLPPEYVALLAGFAILGGAFLLSWATELSEHDIPQSLALLVVALISVLPEYAVDLHFAWTAGKDPTYAHYAVANMTGANRLLIGLGWAAVVLVACWKQGSDHLAIAPAQRLEMRFLLIATIYSFFIPLGGEISLFDAAVLFAIFFAYVATAMRGEAEEPELVGPAAMIDRQFEDVGRRLFAGALFLFAGFAIFMSAEPFADSLVEVGRTRAIDEFLLVQWVAPLASESPEFMIAILFALRLRGSVGLGALLSSKVNQWTLLVGAIPIAFALSSGAPIGMPLDSRQTEELLLTSAQSLLAVVIIADLRFTRLEAVALAALFFVQLLFPSQEVRLAFAVMYVVLAIGIVAFSAGDRRAALRTLAIGPRDER,
A0A535AZB0,,1,MTNSLWVFSSIALCLQWIVVYFSGISPSPEWQALSAGLAIFGASFMLSWAAELAQLDIPQALALALLALIAVLPEYAVDMYFAWMAGKDPKYTAFATANMTGANRLLIGLGWAAVVFAYWCKTRTKALALEPSHKVEIRYLGLATLYSFFIPFKGRLDLFDAVIFITIFALYMRRASQSHHVEPELEGPSEIIASWSAGARRLVTLGFFLFSGYTIFIAAEPFAEGLLAAGRNFGIEEFLLVQWLAPLASESPEFIVAILFALKANPGASLGTLISSKINQWTLLIGMLPVIYALSAGRISPMHMDDRQIEELLLTAAQSLFAVAVLTNLSFSLGEALLLFVLFATQLLTPDPRFRYYFSFLYIALAVGLVSLRREYRAAFVDLILRGTSSQGLKKE,
A0A1F9U7E7,,1,MQWVVLRMAGYHPPQPWTAFPPGVCILGAAFLLAWAAEAAEMDLPQNVSIGILALIAVLPEYAVDIYFAWSAGQDPSYTSYATANMTGANRLLIGLGWPAVLLACWWGRGMREIRLSENNALELVTLLLATLYSFFLPFKANLSVFDSAVFMALFAFYAYCSSRAPVEEPELEGPALLIANLPKTSRRLAVGALFLFSALAIFLSAEPFAEGILEAGRHLGIEEFLLVQWLAPLASESPEFIIAILLALKGKPAVGLRALVSSKVNQWTLLVGTLPAAYSLSAASLSPMPLDARQVEEIFLTSAQSLFGMVVLMNLRFSLAEALSLLVLFAAQLFFPQASVRYFFAGLYLLISLALILQGARRASISGLFSKVLKS,
A0A1F8WFQ9,,1,MHPFPKTKHLAIIGFVLTLCLQWAFFRFGVEHLHSPWNALASGLAIFAASYMLSWGAELAQFEMPQSLAIAFLALVAVLPEYAVDMYFAWKAGTNPEYIHYATANMTGANRLLIGVGWAAVVFAYFFKTKKGEVILEKENRTEIFALLLATVYCFIVPFKQSLSWIDSVFLLSIFVWYIRQAMKAKHKEPEIEGPILEIAEWKRLPRIMATFFFFGVSGFTIFIAAEPFAEGILEVGRKTGIEEFILVQWLAPLASESPEFIVALIFAWRANAASSLGTLISSKVNQWTLLVGMLPLVYNLSAGHIGPMVMDARQSEEIFLTAAQSLFAIVIIANLRFSITEALLLFVLFMTQIFFTSTEARTIYAFVYIALAIGWFFAVKSNKKGFQEILKIAIKR,
A0A1F9DX73,,1,MVNWLWLGSSILLCLQWIVLHLSGISISPEWQALSTGIAIFGAAFLLSWAAELAQFDIPQSLALAFLALIAVLPEYAVDMYFAWKAGKDPQYTAYAMANMTGANRLLIGVGWAAVVFTYWLKTRKKFFNLEPHHKIEILYLSLATIYSFLIPFKKQLDLFDAVVLISIFVFYIRAASRAAHVEPELEGPSEMIAHWGEQPRRVVTVLLFLFSAYTIFISAEPFAEGLLATGRTFGIEEFLLVQWLAPLASESPEFIVAILFALRANPGASIGTLISSKVNQWTLLIGMLPIVYMISAGQLTPMQMDSRQVEEIFLTAAQSLFAVAVLANLSFSLTEATLLFVLFSTQLLIPDPRFRYFYSFLYILFTIGLFIVSRDSRESFFGMLFHGPRRQPGIENRE,
A0A1F9VN39,,1,MAFILVATAMCLQWLLQRFLGVAAPQPWTAVFPGICIFGAALLLTWGAEAAEMDLPQNISIGLLALITVLPEYAVDMYFAWTAGKNPVYTAYATANMTGANRLLIGVGWPAVLLACWWSHGHREIHLTDNNALELVTLLAATVYSIILPIKATLSIWDSAVLLALFGLYAYLSTRAEVEEPELEGTARTIADLPKTTRRLTVSALFVFSAAAICLSAEPFAEGILEAGRHLGIEEFLLVQWLAPLASEAPEFIAAILFAVKGRPGVGLRALVSSKVNQWTLLVGMLPMVYCLSAGSLGAMPLDARQVEEIFLTSAQSLFGMVLLMNLNFSMGEALALFILFSLQIFFPQSAVRYAFAGIYLVLSLVLVLTQSSRRNSIFHLIKHVMNPGKT,
A0A7V3XEX2,,1,MHKFLLLCTFLVTLPGLYLKLTGLHASPPLEAVVFGFAILGAAFLLSWAAEVAQMDISQALAVAILALIAVLPEYAVDLYFAWAAAKQPEYGAYATANMTGANRLLVGFGWALVVWVFSLKFRRREINLEPSHRVEITFLGVATLYAFFLPFKEALSLMDTAIFLVIFGVYAWRIAQAEIHEPELVGPARLIGSLPPSYRRLSAALLFFFSGAVIFLVAEPFAEALVHSGKTLGIDEFLLVQWLAPLASEAPELIVAILWTLRGDAAAGLGALLSSKVNQWTLLIGTIPLVYSISLGQVGALALDLRQRHELLLTSAQSLFALAVLVNLSLSLWESLALFGLFIVQLFIPDIRMEVSFIYIVLALILIIFKRSQVLSTIRGGFGQKAVGGGH,
A0A1F9H8M1,,1,MKKTDSLFVFLIFLLAGQWIFIKNNGIHLPQPWLALSPGIAIFAASFMLSWGAELAQFEIPKALALAFLALVAVLPEYAVDMYFAWQAATQPEYIHYATANMTGANRLLIGVGWASVVFMFFIRHKKGEIILSPANRLEISALLVATLYCFSIPFKHSLSPIDSLFLLCLFAWYMFRATKAKHEEPEIEGPIKKIAKWPRPKRITATLFFFIVSGYAIFIAAEPFAEGLLDAGRHFQIEEFILVQWLAPLASESPEFIIALIFAFRGMASSALTTLISSKVNQWTLLVGMLPLVYSLASGQLLAMPMDGRQSEEIFLTAAQSLFAVVVIMNLRFSITEALILLVLFVTQLFFTEAKSRHIYSFVYIGLAIGWFLIISGNRKSFKGLAKAFINK,
A0A800DHQ6,,1,MGRGISLSPFLGEKTAFWPSNSTILRGGWHSPVDLGARIPPQSAIKRARREMERRPYCPRPLDIAWIGGAVLATVPWVWARLSGWHGSPPLEALLSGLCIVGAAFLISWAAEVAQIDVSQSLAIALIALIAVLPEYAVDIYFAWAAGKDPKYIHYPVANMTGANRLLVGFGWPLVVFVSWWALGRREREVRLGKKRAIEAVFLGLATLYSFLLPIKGRIALFDSLILILLFCFYARTLARLPVEEPDLVGPPAVVALLGAGLRRMAVGAMFLYSGFSILLSAEPFAEALLKVAEGLGIERFIMVQWIAPLASESPELVVACYFAVRGKTSEGLGTLVSSKVNQWTLLIGSLPVVYSLSMGDFSALPLDARQREEVLLTAAQSAFAFAVLLSLSISLIEAFALFLLFSTQLLLPSIHARYIYSVIYLVLLAGYLVFRAKEVKGLVNAFRETVGEGG,
A0A2R6EL43,,1,MYSRLRHPLAAVVGAMLLTLPWLGAYLTGSVHALGTVGTVAVSGISVLGASFLLAWAAETAEEDVPRAFALAVLAVLAVAPEYAVDALYAWEAGANPGSPASTEAASLAVANMTGANRILIGIGWSAIAVFAIYKARSTNDPAVERRDGLLADRVNLDRDIATEILFLFAATVYAFFVPFQNGIGWTDMAVLVGIYFTYIYFTLQAEHSHEEQIGVPAYLQSFRKHLRVPVYVGLFLFSGVLILTAVEPFAHGLEELGVMIGVPKFLMIQWIAPLASESPELIVVAYLVNKARSTAAFNALISSKLNQWTLLIGTLVLVYSVSLGHYGTLPLEQKQAGEIWLTAAQSFFALTILVNFNISIREALALLVLFVVQLYPPFHQYEALLAFSAIYIVLGSALLVTRWQALQVLVRRVYYRINGRETVSPEA,
D5MJQ7,,1,MSTTLRLITAILLPLQWIGIRLFDVHLPPQWEAVGAGLAIFGAAFLLSWAAEVAQVDIPQALALAFLALVAVLPEYAVDIYFAWSAGKDPAYIAYATANMTGANRLLIGIGWASVVATFWLKTRHRQVVLDRTRTIELLHLALATIYSFMIPLKGTLSWLDSTVLLAIFVSYMISASKAQIVEPELDGGVGELLMRMRQTPRRLATIALFIYAGLGIFLAAEPFAEGLLATGRAFAIEEFLLVQWLAPLASESPEFIVAIVFALRGNPGASMGTLVSSKVNQWTLLIGMLPLAYNLSAGHLGPMHLDARQTEEIFLTAAQSLFAIAVLANLSFSLAEAGFVFVLFATQLFFTDPVSRHLYAIAYLVLTATWLIVSRSSRQGLTAMVVERWTGENMAPSHQK,
A0A534R169,,1,MSFARRTRHILWLLAASLVALQWIVVRLAGVQLPHLWVAILSGVGIFGAAVLLSWAAEVAQVDIPQSLALAFLALIAVLPEYAVDMYFAWQAGKDPTYTQYATANMTGANRLLIGFGWAAVVVCYWLKTRKKAVELEPSHSMEISYLTLATAYSFVIPLKGTLSLIDTAVLLAIFGFYVVSASRAGMSEPELGGPSELLGELPKFQRRSATVALFAIAGLTIGLAAEPFAESLLATGRAYGVEEFILVQWIAPLASESPEFIVAILFALRGNPGASIGTLISSKVNQWTLLIGMLPLAYSASSGQATAMSLDRRQVEEVLLTAAQSLFGVAVIANLRFSLIEALVIAVLFGSQLFFPSPAVRYVYSFGYIALTLMFLITNRDNRRGFFDVRRLRPGHATNGPALTSRS,
A0A2U1RP20,,1,MSVTLRLIIALLLPLQWIGIRLAGIHLPPQWEAIGAGLSIFGAAFLLSWAAEVAQVDIPQALALAFLALVAVLPEYAVDIYFAWSAGKDPAYIAYAAANMTGANRLLIGLGWASVVATFWLKSRHRQVILDRSRSIELLHLALATIYSFMIPLKGTLSTLDTVVLLAIFVSYMTAASKAAMVEPELDGGVGALLMRLRPNSRRSATIAMFIYAGVGIFLAAEPFAEGLLATGRAFAIEEFLLVQWLAPLASESPEFIVAIVFAFRGNPGASMGTLVSSKVNQWTLLIGMLPLAYDLSAGHLEAMHLDARQIEEIFLTAAQSLFAVAVLANLSFSLIEAGLMFILFASQLFFTDPVSRHLYAIAYIILAVIWLIASRSSRQGLAAMVTAGWTRKELASSHQK,
A0A6B1GHD8,,1,MRSAVTLIGIMAVCCLPALALRASGTHLGTVGDTLLFGLGIISAAFLLTWAAEAAQVDVSQGLAVAAIALIAVLPEYAVDLAFAWKAGQDPEFAPFAVANMTGANRLLIGVGWSAVFLIFWLRTRGRVLRLTSAHSLDVIALGAATAYSFILPFKGSISLVDTVVMFAIFAVYVYGVARNEGEKPHLVGPASWIGHLAKRPRRTLNVAIFVFAAATILAAAEPFAEGLIHTGTQLGIDEFLLVQWLAPLASEAPEFLVAGILAFRGRAVMGMAALLSSKVNQWTLLLGGLPVAFSISGDTLGGLPLDGRQSEEVLLTAAQSLFAVAILISLSLSRWEAAALIGLFSIQFVIPNPEVRIAIAIVYLVLSAVLLVQQRRHIVTALRETRAILSRPAERL,
A0A7T9JGV9,,1,MKNIVWLVVAIILPLPWMALELSGRGHHLVVTNPIPVAIIAGIAIVGAAFVLSWGAELSERDIPRSLALIVLALISVLPEYAVDLHFAWVAGKDPAYKAYAVANMTGANRVLIGIGWSLVAIVYYFKHRRKYIPLDQSQGLELSLLLLATIYSLVIPLKGTLSLIDTVVLFVLFLYYAGRAAKGHKHDEALEGIAGFLDHRLGNSARRLSILLMFAFAGYAIWLSAEPFAESLVTTGRTYGVDEFLLVQWLAPLASESPEAIVALLFAFKGKGSTGIGALISSKVNQWTLLVGAIPLVYAISAGILGPMDLDHRQKEELLLTSAQSLFAAVVISDFRFSLKEAIMLIVLFITQLFFTQEWIRYLFSGLYLVAAIILLASSKVRRQMLWSALLLKKPS,
Q57556,,1,MLILGVGYFLLGLILLYYGSDWFVLGSERIARHFNVSNFVIGATVMAIGTSLPEILTSAYASYMHAPGISIGNAIGSCICNIGLVLGLSAIISPIIVDKNLQKNILVYLLFVIFAAVIGIDGFSWIDGVVLLILFIIYLRWTVKNGSAEIEENNDKNNPSVVFSLVLLIIGLIGVLVGAELFVDGAKKIALALDISDKVIGFTLVAFGTSLPELMVSLAAAKRNLGGMVLGNVIGSNIADIGGALAVGSLFMHLPAENVQMAVLVIMSLLLYLFAKYSKIGRWQGILFLALYIIAIASLRMG,
C7P6P3,,1,MLILGVAYFLLGLILLYFGSDWFVLGGERIAKHFNISNFAIGATVMAIGTSLPEILTSAYASYIHAPGISIGNAIGSCICNIGLVLGLSAIISPIIVDKNLMRNIFVYLLFVVLTAIVGFNGFSWIDGIILLAIFLIYLRWTVKNGNVEVSEEDKNGVSLPFSLVLLIVGLVGVLVGAELFIDGAKKIALALNVSDRIIGFTLVAFGTSVPELMVSLAAAKRRLGGMVLGNVVGSNIADIGGALAVGSLFMYLPPEHLQISILAIMSLLLYLFARYSKIGRLQGLLFLIMYIIALISLGMV,
A0A076LAY7,,0,MAIGTSLPEILTSAYASYMHAPGISIGNAIGSCICNIGLVLGVSAIISPIIVDKNLRKNIFVYLLFVIFTAVIGIDGFSWIDGVILLILFAIYLRWTVKNGNIEEINENNNKNNPSMVFSLVLLIIGLVGVLVGAELFVDGAKKIATALNVSDKIIGFTLVAFGTSVPELMVSLVAAKRNLGGMVLGNVVGSNIADIGGALALGSLFMYLPPENLQIAILTVMSFLLYLFAKYSKIGRWQGILFLIIYIIAIASLGMG,
N6VXY5,,1,MLLGIIYFFIGLVLLYYGSDWFVVGGEKTAKFFNVSNFVIGATVIAFGTSVPEIVSSVYAALTKSSGIAVGNAIGSCVCNIGLILAISSIVYPIIIKKDQIKNILFHLFFVALTFILGVDGYNCVDGAILFLTFIFYIIWVLKNDKIEKKKEEEEINIVISLIFLIIGLISVLIGAKLFIDGAKMIAFLLHIPDYIIGFSLVAFGTSVPELMVSIAAAKRRLGGMILGNIIGSNIADIGGALAISSFFSYLPTANIQMVILLIMSILLYIFAKKSKITRFDGLILLILYIFAIKFLF,
F6BC34,,1,MIINVLLFIIGLLLLSYGSDWFIVGSSRIAKLFRISDFVIGATIVAIGTSLPEIVTSVYAAWINSPGISTGNAIGSCIANVGLVLALSIIFSPIIIKESSVVKNTYAYILFLITAFILGFNGFSWIDGIILIFLFAIYLKYTIKNGKEKIDEVEETSYIRAALLLIIGLIGVILGSEMFVNGARNIALALGVSEKIVGFTLVALGTSLPELAVSIAAAKKKLGKMVLGNIVGSNVANIGMALGLSAIVTPLPPQNLEMGITLFMAVLLAMFAKRRKLGIFEGIVFLIMYCVFLYTLFN,
H1L102,,1,MIIDVLLFIFGLILLSYGSDWFIVGSSRVAKFFKISDFVIGATIIAVGTSLPEIVTSVYAAWINSPEISTGNAIGSCIANVGLVLGLSLIFSPIVIKESSVIKNTYAYVLFLIIACVLGIYGFSWVDGIILVFLFTLYLRYTTNNGKEELNEVEETSYVRAVILLVIGLVGVILGSEMFVNGARNIALTLGVSEKVVGFTLVALGTSLPELAVSIAAAKKKLGNMVLGNIVGSNVANIGVALGLSAIVTPLPPQNLEMGITLFMAVLLAMFAKRRKLGRLEGVLLLIMYCIFLYTLFN,
D5VU74,,1,MIIGILSFLTGLILLYYCSDWVVLGAEKIARFFNISNFVIGATIIAFGTSFPEIVTSVIASYQHLPGLAVGNILGSCICNIGLILGLSLIFDSVKIDKFLKRNLIFYILFVLLTLILSFGGFSLLDGLILLILFLFYIRWSIKNDNTNEKEEKEDNINLPINLVLLIIGLIGVLVGADLFVNGAKELADYLNIPDTIIGLTLVALGTSLPELAVSISAAKRRLGGMVLGNVLGSNIADIGAGIGLSALFSTLPGLEREALFLFIISFILLIGYIKGKLGRKEGVILILLYVLFLYLTFG,
A6UUX7,,1,MVEILFSVFILLLGLALLNYGSDWFVVGSSKVAKHLNVSNFVIGATVVAFGTSLPEIITSVYASYIGSTGIAVGNSLGSNIANVGLILGLSALIAPIYIRKENILKNGYIYLLFTIIAFILGYDGFNSIDGILLFIMLISYITYTIKKGGCCEEMGENNGSIVKSVLFTILGLLAVIVGSSLFVSGAKDIALFLGISDKIIGFTLVAFGTSLPELVVSITAVKRKLGDMVIGNIIGSNIANIGGALALASIISPLPKVPFEMTVNLLLTSLMVLFMSKHILEFIKKNKDKIHNKKDNNDNETIYSKINRIDGTILILIYLGFILFISNIL,
F8ALT5,,1,MFFTLFYKFFLFGEIVEILLSIFILLMGLLLLNYGSDWFVLGSSRIAKYLNVSDFVIGATIVAFGTSLPEIITSVYASYAHLPGIAVGNSLGSCIANIGLILGISALISPVIVKHSSILKNSYIYLIYTIILFIIGYNGFGFVDGLILFVLLLGYILYTIKNGETPNVEEESSKKMSIITAVIYTIVGLLAVIIGSELFVDGAKDISTFLGVSDKIIGFTLVAFGTSLPELVVSITAIRRKLGDIVLGNVIGSNMANIGCALAFSGMICYIPPVKFEMEVNLILVILMVAYMSKNLIIDMVKNRINKTNTTNITKIMKNFKYSKIGRIEGLSLILIYMLFILKLSNII,
D3S7V0,,1,MMLILGIGYFLLGLILLYYGSDWFVLGSERIARHFNVSNFVIGATVMAIGTSLPEILTSAYASYMHAPGISIGNAIGSCICNIGLVLGLSAIISPIVVDKNLQKNILAYLLFVVFTAVIGIDGFSWIDGIILLILFAFYLRWTIKNGSVGEIEENNNKNSGHSIVFSLVLLIIGLVGVLVGAELFVDGAKKIATALNISDKVIGFTLVAFGTSVPELMVSLAAAKRNLGGMVLGNVVGSNIADIGGALAVGSLFMYLPPAPIQMGVLTVMSLLLYLFAKYSKIGRWQGLLFLTLYIIAIALLRMG,
A4FXA6,,1,MLIESVFFLAVGLFMLSYGSDWFVLGASRVAKQFNISSFVIGATIVAFGTSLPEIVTSAYAASTGSVDLAVGNALGSCIANIGLVLGLSLIISSVFIKSRSVLKNGYLYMVYTIIFTIIGYNGFSFLDGVFLLLLLALYVIYTIKSGEMDEDEHEKSVTFSGAIFYLAIGLSFVILGSSFFVDGAKGLATAFGISEKIIGFTIVAFGTSLPELAVSFAAAKQKLGGIVIGNVIGSNIANMFGALAIASLIHEIPAVKFELSVNILMVFLLLILMNKEKIKAVLNLNSTKDYLSEITKIDGLILMLIYLLFVLGLTGIF,
G0H0L9,,1,MLIESVLFLAAGLFMLSYGSDWFVLGASRVAKQFNISSFVIGATIVAFGTSLPEIVTSAYAASTGSVELAVGNALGSCIANIGLVLGLSLIISTVFIKNRSVLKNGYLYIIYTIIFTIMGYNGFSFFDGVVLLFLLLVYVLYTIKSGEMDDEEHEKSITFKRAIIYLVMGLLFVILGSSFFVDGAKGLASAFGVSEKIIGFTIVAFGTSLPELSVSFAAARQKLGGIVIGNVIGSNIANMFGALAIASIIHEIPAVKFELSVNILMVLLLVVMMSKEKLKTLLKLNSTKDYLSKITKSDGLILILIYLLFVLGLTGIF,
A0A2Z5PMY9,,1,MLIESVLFLAAGLFMLSYGSDWFVLGASRVAKQFNISSFVIGATIVAFGTSLPEIVTSAYAASTGSVELAVGNALGSCIANIGLVLGLSLIISTVFIKNRSVLKNGYLYIIYTIIFTIMGYNGFSFFDGVVLLFLLLVYVLYTIKSGEMDDEEHEKSITFKKAMIYLLIGLLFVILGSSFFVDGAKGLASAFGVSEKIIGFTIVAFGTSLPELSVSFAAARQKLGGIVIGNVIGSNIANMFGALAIASIIHEIPAVKFELSVNILMVLLLIAMMGKEKIKSVLNLNSAKDYFSKITKVDGLILILIYLLFVLGLTGIF,
A0A7J9NPJ0,,1,MLIESVLFLAAGLFMLSYGSDWFVLGASRVAKQFNISSFVIGATIVAFGTSLPEIVTSAYAASTGSVDLAVGNALGSCIANIGLVLGLSLIISTVFIKNKSVLKNGYLYIIYTIIFTIMGYNGFSFFDGVFLLFLLLVYVLYTIKSGEMDDEEHEKSITFKKAIIYLLIGLLFVILGSSFFVDGAKGLASAFGVSEKIIGFTIVAFGTSLPELSVSFAAARQKLGGIVIGNVIGSNIANMFGALAIASIIHEIPAVKFELSVNILMVLLLIAMMSKEKIKSVLNLNSAKDYFSKITKVDGLILILIYLLFVLGLTGIF,
A0A7J9P531,,1,MLIESVLFLAAGLFMLSYGSDWFVLGASRVAKQFNISSFVIGATIVAFGTSLPEIVTSAYAASTGSVELAVGNALGSCIANIGLVLGLSLIISTVFIKNRSVLKNGYLYIIYTIIFTIMGYNGFSFFDGVVLLFLLLVYVLYTIKSGEMDDEEHEKSITFKKAIIYLVMGLLFVILGSSFFVDGAKGLASAFGVSEKIIGFTIVAFGTSLPELSVSFAAARQKLGGIVIGNVIGSNIANMFGALAIASIIHEIPAVKFELSVNILMVLLLVAMMSKEKIKALLNLNSAKDYFSKITKVDGLILILIYLLFVLGLTGIF,
A0A2Z5PL86,,1,MLIESVLFLAAGLFMLSYGSDWFVLGASRVAKQFNISSFVIGATIVAFGTSLPEIVTSAYAASTGSVELAVGNALGSCIANIGLVLGLSLIISTVFIKNRSVLKNGYLYIIYTIIFTIMGYNGFSFFDGVVLLFLLLVYVLYTIKSGEMDDEEHEKSITFKRAIIYLVMGLLFVILGSSFFVDGAKGLASAFGVSEKIIGFTIVAFGTSLPELSVSFAAARQKLGGIVIGNVIGSNIANMFGALAIASIIHEIPAVKFELSVNILMVLLLIAMMSKEKIKSVLNLNSAKDYFSKITKADGLILILIYLLFVLGLTGIF,
A0A7J9NXP9,,1,MLIESVLFLAAGLFMLSYGSDWFVLGASRVAKQFNISSFVIGATIVAFGTSLPEIVTSAYAASTGSVELAVGNALGSCIANIGLVLGLSLIISTVFIKNRSVLKNGYLYIIYTIIFTIMGYNGFSFFDGVVLLFLLLVYVLYTIKSGEMDDEEHEKSITFKKAVIYLLIGLLFVILGSSFFVDGAKGLASAFGVSEKIIGFTIVAFGTSLPELSVSFAAARQKLGGIVIGNVIGSNIANMFGALAIASIIHEIPAVKFELSVNILMVLLLIAMMSKEKIKSVLNLNSAKDYFSKITKVDGLILILIYLLFVLGLTGIF,
A6VG15,,1,MLIESVFFLAVGLFMLSYGSDWFVLGASRVAKQFNISSFVIGATIVAFGTSLPEIVTSAYAASTGSVDLAVGNALGSCIANIGLVLGLSLIISSVFIKNRSVLKNGYLYIIYTIIFTILGYNGFSFFDGAILLILLVLYVIYTIKSGEMDEEEHEKSVTFGRAIFYLVLGLAFVILGSSFFVDGAKGLATAFGISEKIIGFTIVAFGTSLPELAVSFAAARQKLGGIVIGNVIGSNIANMFGALAIAAMIHEIPAVKFELSVNILMVFLLLVLMSKEKIKSMLNLKSKTEYLSEITKKDGLILIGIYVVFVLGLTGFF,
A9AAN0,,1,MLIESVLFLAVGLFMLSYGSDWFVLGASRVAKQFNISSFVIGATIVAFGTSLPEIVTSAYAASTGSVDLAVGNALGSCIANIGLVLGLSLIISSVFIKSRSVLKNGYLYIVYTIIFTILGYNGFSFFDGVFLLLLLVLYVIYTIKSGEMDEEEHEKSVTFNRAIFYLAIGLSFVILGSSFFVDGAKGLATAFGISEKIIGFTIVAFGTSLPELAVSFAAARQKLGGIVIGNVIGSNIANMFGALAIASIIHEIPAVKFELSVNILMVFLLMVLMSKEKIKTALNLKFTKDYLSEITRKDGLILILIYVLFVLGLTGIF,
Q6LYC3,,1,MVRNMLIESVLFLAAGLFMLSYGSDWFVLGASRVAKQFNISSFVIGATIVAFGTSLPEIVTSAYAASTGSVELAVGNALGSCIANIGLVLGLSLIISTVFIKNRSVLKNGYLYIIYTIIFTAIGYNGFSFFDGIFLLFLLLVYVVYTIKSGEMDDEEHEKSITFKKAIIYLLIGLLFVILGSSFFVDGAKGLASAFGVSEKIIGFTIVAFGTSLPELSVSFAAARQKLGGIVIGNVIGSNIANMFGALAIASIIHEIPAVKFELSVNILMVLLLIAMMSKEKIKAVLNLNSTKEYLSKITKADGLILILIYLLFVLGLTGIF,
A0A7J9NZK8,,1,MLIESVLFLAVGLFMLSYGSDWFVLGASRVAKQFNISSFVIGATIVAFGTSLPEIVTSAYAASTGSVDLAVGNALGSCIANIGLVLGLSLIISTVFIKNRSVLKNGYLYIIYTIIFTAIGYNGFSFFDGIFLLFLLLVYIIYTIKSGEMDDEEHEKSITFKKAIIYLLIGLLLVILGSSFFVDGAKGLASAFGVSEKIIGFTIVAFGTSLPELSVSFAAARQKLGGIVIGNVIGSNIANMFGALALASVIHEIPAVKFELSVNILMVLLLVAMMSKEKLKTLLKLNSTKEYLSKITKADGLILILIYLLFVLGLTGIF,
A0A7J9P9G9,,1,MLIESVLFLAVGLFMLSYGSDWFVLGASRVAKQFNISSFVIGATIVAFGTSLPEIVTSAYAASTGSVDLAVGNALGSCIANIGLVLGLSLIISTVFIKNRSVLKNGYLYIIYTIIFTAIGYNGFSFFDGIFLLFLLLVYIIYTIKSGEMDDEEHEKSITFKKAIIYLLIGLLLVILGSSFFVDGAKGLASAFGVSEKIIGFTIVAFGTSLPELSVSFAAARQKLGGIVIGNVIGSNIANMFGALALASVIHEIPAVKFELSVNILMVLLLVAMMSKEKLKTLLKLKSTKEYLSKITKADGLILILIYLLFVLGLTGIF,
A0A2L1CCQ6,,1,MLIESVLFLAAGLFMLSYGSDWFVLGASRVAKQFNISSFVIGATIVAFGTSLPEIVTSAYAASTGSVELAVGNALGSCIANIGLVLGLSLIISTVFIKNRSVLKNGYLYIIYTIIFTAIGYNGFSFFDGIFLLFLLLVYIIYTIKSGEMDDEEHEKSITFKKAIIYLLIGLLLVILGSSFFVDGAKGLASAFGVSEKIIGFTIVAFGTSLPELSVSFAAARQKLGGIVIGNVIGSNIANMFGALAIASIIHEIPAVKFELSVNILMVLLLVAMMSKEKLKTLLKLNSTKEYLSKITKADGLILILIYLLFVLGLTGLF,
A0A7J9S276,,1,MLIESVLFLAVGLFMLSYGSDWFVLGASRVAKQFNISSFVIGATIVAFGTSLPEIVTSAYAASTGSVELAVGNALGSCIANIGLVLGLSLIISTVFIKNRSVLKNGYLYIIYTIIFTAIGYNGFSFFDGIFLLFLLLVYIIYTIKSGEMDDEEHEKSITFKKAIIYLLIGLLLVILGSSFFVDGAKGLASAFGVSEKIIGFTIVAFGTSLPELSVSFAAARQKLGGIVIGNVIGSNIANMFGALALASVIHEIPAVKFELSVNILMVLLLVAMMSKEKLKTLLKLNSTKEYLSKITKADGLILILIYLLFVLGLTGIF,
A0A7J9RZR7,,1,MLIESVLFLAAGLFMLSYGSDWFVLGASRVAKQFNISSFVIGATIVAFGTSLPEIVTSAYAASTGSVELAVGNALGSCIANIGLVLGLSLIISTVFIKNRSVLKNGYLYIIYTIIFTIMGYNGFSFFDGVFLLFLLLVYVLYTIKSGEMDDEEHEKSITFKKAIIYLLIGLLFVILGSSFFVDGAKGLASAFGVSEKIIGFTIVAFGTSLPELSVSFAAARQKLGGIVIGNVIGSNIVNMFGALAIASIIHEIPAVKFELSVNILMVLLMIAMMSKEKIKSVLNLNSAKDYFSKITKVDGLILILIYLLFVLGLTGIF,
A0A7J9NI07,,1,MLIESVLFLAVGLFMLSYGSDWFVLGASRVAKQFNISSFVIGATIVAFGTSLPEIVTSAYAASTGSVDLAVGNALGSCIANIGLVLGLSLIISTVFIKNRSVLKNGYLYIIYTIIFTAIGYNGFSFFDGIFLLFLLLFYIIYTIKSGEMDDEEHEKSITFKKAIIYLLIGLLLVILGSSFFVDGAKGLASAFGVSEKIIGFTIVAFGTSLPELSVSFAAARQKLGGIVIGNVIGSNIANMFGALALASVIHEIPAVKFELSVNILMVLLLVAMMSKEKLKTLLKLNSTKEYLSKITKADGLILILIYLLFVLGLTGIF,
A0A7J4EXD3,,1,MGLGLLNYGGDWFILGNTRIARYFKISNFVIGATIVAFGTSLPEVVTTLYALYRNLPMIALGNALGSCIVNIGFVLGLCAIIYPIVIKQESIIRNIYLYLLYSLLLFILGYDGFNVIDGVVLFLLFLCYVAYTLKRREFIGEEKRGKKDIPMVLAVILIIIGLLSIFVGSKLFIDGARDIALFLGVPEKVIGFTLVAFGTSLPEIAVSLSAIRRRLGDIVLGNVIGSNMVNVGCALALSSIITYIPPTRFELLIHLLFTVLMVIIISKMKLLNKGCFKIDRIDGLILFGVYLLYVLNYFL,
A0A832ZJJ2,,1,MLIIGLGLLNYGSDWFILGNTTIARYFKLSNFVIGATIVAFGTSLPELVTTLYAAYKGLPMIAVGNALGSCIVNIGFVLGLCALIYPIVIRQRFIVKNVQIYFLYSVLLTVLGYDGFDFIDGVILFLLFLGYLAYTLKKRSIITEEKRDKRNIPMVLAVIFIIVGLLSIFVGSKLFIDGARHIALLLGVPEKVIGFTLVAFGTSLPEIAVSISAIRRRLGDIVIGNVVGSNMINIGCALALSSIITYIPPTRFELLINLLFVTLTVLFINKGIVLKLFNRDNSEHFKIDRVEGLILLGLYLVYVLSYYLGWSVF,
A0A833E1W5,,1,MLIIGLGLLNYGSDWFILGNTTIARYFKLSNFVIGATIVAFGTSLPELVTTLYAAYKGLPMIAVGNALGSCIVNIGFVLGLCALIYPIVIRQRFIVKNVQIYFLYSVLLTVLGYDGFDFIDGVILFLLFLGYLAYTLKKRSIITEEKRDKRNIPMVLAVIFIIVGLLSIFVGSKLFIDGARHIALLLGVPEKVIGFTLVAFGTSLPEIAVSISAIRRRLGDIVIGNVVGSNMMNIGCALALSSIITYIPPTRFELLINLLFVTLTVLFINKGIVLKLFNRDNSEHFKIDRVEGLILLGLYLVYVLSYYLGWSVF,
A0A7J9S1R5,,1,MLGYLISYMIFGGILLAYGSDWFIEGSTRVAKHFNVSNFVIGATIVAFGTSLPEIVTSSGAALSGSPGLAVGNAVGSCIANIGIILGISVLMYPLIIKKRAIIKNGNIYLLATILLVILGYNGFSRFDGLILFLFMITYVIYTIKTSESDDEEIISDLTTKKASIFIVVGLLAVILGSDLFIEGAKGIAEYFNVPESIIGFSLVAFGTSLPELASSVAAAKRKLGSIVLGNVIGSNIANTCVALSFSAMIVDIPKYNVELMVNTIMALLIIFTMNREKIKKMLKFKNFRTDYFSKIDRIDGISYILIYLIFLAYLLGYIF,
A0A2Z5PLB5,,1,MLGYLISYMIFGGILLAYGSDWFIEGSTRVAKHFNVSNFVIGATIVAFGTSLPEIVTSSGAALSGSPGLAVGNAVGSCIANIGIILGISVLMYPLIIKKRAIIKNGNIYLLATILLVILGYNGFSRFDGLILFLFMITYVIYTIKTSESDDEEIISDLTTKKASIFIVVGLLAVILGSDLFIEGAKGIAEYFNVPESIIGFSLVAFGTSLPELASSVAAAKRKLGSIVLGNVIGSNIANTCIALSFSAMIVDIPKYNVELMVNTIMALLIIFTMNREKIKKMLNFKNFRTDYFSKIDRIDGISYILIYLIFLAYLLGYIF,
A0A7J9P738,,1,MLGYLISYMIFGGILLAYGSDWFIEGSTRVAKHFNVSNFVIGATIVAFGTSLPEIVTSSGAALSGSPGLAVGNAVGSCIANIGIILGISVLMYPLIIKKRAIIKNGNIYLLATILLVILGYNGFSRFDGLILFLFMITYVIYTIKTSESDDEEIISDLTTKKASIFIVVGLLAVILGSDLFIEGAKGIAEYFNVPESIIGFSLVAFGTSLPELASSVAAAKRKLGSIVLGNVIGSNIANTCIALSFSAMIVDIPKYNVELMVNTIMALLIIFTMNREKIKKMLKFKNYRTDYFSKIDRIDGISYILIYLIFLAYLLGYIF,
C9RHP9,,1,MLILGIGYFLLGLILLYYGSDWFVLGGERIAKHFNVSNFVIGATIMAIGTSLPEILTSAYASYMHAPGISVGNAIGSCICNLGLVLGVSAIISPIVVDNHLKKNVLVYLLFVIFTAIIGYDGFSPIDGILLLILFVLYLKWTIKNGSIGIELEEKNVKEDTSIAFSLVLLIIGLVGVLVGAEFFVEGAKKIAISLNISDKIIGFTLVAFGTSLPELMVSLAAAKRNLGSMVLGNVVGSNIADIGGALAMGSLFMYLPAENLQMLILLIMSLLLYLFARYSKIGRWQGMLFIILYVIAIASLGMG,
A0A7J9NL16,,1,MLGYLISYMIFGGILLAYGSDWFIEGSTQVAKHFNVSNFVIGATIVAFGTSLPEIVTSSGAALSGSPGLAVGNAVGSCIANIGIILGISVLMYPLIIKKRAIIKNGNIYLLATILLVILGYNGFSRFDGLILFLFMITYVIYTIKTSESDDEEIISDLTTKKASIFIVIGLLAVILGSDLFIEGAKGIAEYFNVPESIIGFSLVAFGTSLPELASSVAAAKRKLGSIVLGNVIGSNIANTCIALSFSAMIVDIPSYNVELMVNTIMALLIIFTMNREKIKKMLKFKNFRTDYFSKIDRIDGISYILIYLIFLAYLLGYIF,
A0A2Z5PD84,,1,MLGYLLLYMIFGGILLAYGSDWFIEGSTRVAKHFNVSNFVIGATIVAFGTSLPEIVTSSGAALSGSPGLAVGNAVGSCIANIGIILGISVLMYPLIIKKRAIIKNGNIYLIATILLVILGYNGFSRFDGLILFLFMIIYVIYTIKTSESDEEEIISYITVKKASIFIIVGLLAVILGSDLFIEGAKGIAEYFNVPESIIGFSLVAFGTSLPELASSVAAAKRKLGSIVLGNVIGSNIANTCVALSFSAMIVDIPKYNVELMVNTIMALLIIFTMNREKIKKILNFKNFRTDYFSKIDRIDGISYILIYLIFLAYLLGYIS,
Q6M0S9,,1,MLGYLISYMIFGGILLAYGSDWFIEGSTRVAKHFNVSNFVIGATIVAFGTSLPEIVTSSGAALSGYPGLAVGNAVGSCIANIGIILGISVLMYPLIIKKRAIIKNGNIYLIATILLVILGYNGFSRFDGLILFLFMITYVIYTIKTSESDDEEIISDLTTKKASIFIVVGLLAVILGSDLFIEGAKGIAEYFNVPESIIGFSLVAFGTSLPELASSVAAAKRKLGSIVLGNVIGSNIANTCIALSFSAMIVDIPKYNVELMVNTIMALLIIFTMNREKIKKMLKFKNFRTDYFSKIDRIDGISYILIYLIFLAYLLGYIF,
A0A7J9PG13,,1,MLGYLLLYMIFGGILLAYGSDWFIEGSTRVAKHFNVSNFVIGATIVAFGTSLPEIVTSSGAALSGSPGLAVGNAIGSCIANIGIILGISVLMYPLIIKKRAIIKNGNIYLIATILLVILGYNGFSRFDGLILFLFMIIYVIYTIKTSESDEEEIISDITVKKASIFIVVGLLAVILGSDLFIEGAKGIAEYFNVPESIIGFSLVAFGTSLPELASSVAAAKRKLGSIVLGNVIGSNIANTCVALSFSAMIVDIPKYNVELMVNTIMALLIIFTMNREKIKKMLNFKNFRTDYFSKIDRIDGISYILIYLIFLAYLLGYIF,
A4FXI8,,1,MLGYLLLYMIFGGILLAYGSDWFIEGSTRVAKHFNVSNFVIGATIVAFGTSLPEIVTSSGAALSGSPGLAVGNAIGSCIANIGIILGISVLMYPLIIKKRAIIKNGNIYLIATILLVILGYNGFSRFDGLILFLFMIIYVIYTIKTSESDEEEIISDITVKKASIFIVVGLLAVILGSDLFIGGAKGIAEYFNVPESIIGFSLVAFGTSLPELASSVAAAKRKLGSIVLGNVIGSNIANTCVALSFSAMIVDIPKYNVELMVNTIMALLIIFTMNREKIKKMLNFKNFRTDYFSKIDRIDGISYILIYLIFLAYLLGYIF,
A0A832ZZN9,,1,MLSVLMLLIGLGLLNYGSDWFIIGNIRVARYLKLSNFVIGATIVALGTSFPEIVTTLYALYRGLPMIAVGNALGSCILNIGFILGLCALLCPIVIRQRPIVTNIQIYLLYSLLFFILGQDGFNVIDGVILFLLFLCYMAYTLRRGNIIGEEKGDKRDIPMVLAVIFVIVGLISIFVGSKLFIEGARDIALFLGIPERIIGFTLVAFGTSLPEIAVSLSAIRRKLGDIVIGNVIGSNMINLGCALALSSIIAYIPPTRFELLINLLFAVLIVVMVSKGVIMKPLSKECFKIDRIDGLILLGIYLLYVISYFL,
A9A7J1,,1,MLGYLILYMIFGGILLAYGSDWFIEGSTSVAKHFNVSNFVIGATIVAFGTSLPEIVTSSGAALSGSPGLAVGNAVGSCIANIGIILGISVLMYPLIIKKHAIIKNGNIYLIATILLVILGYNGFSRFDGLILFLFMIIYVIYTIKTSESDEEEIISDITVKKASIFIIVGLLAVILGSDLFIEGAKGIAEYFNVPESIIGFSLVAFGTSLPELASSVAAAKRKLGSIVLGNVIGSNIANTCVALSFSAMIVDIPKYNVELMVNTIMALLIIFTMNREKIKKMLNFKNFRTDYFSKIDRIDGISYILIYLIFLAYLLGYIF,
A0A7J9NK34,,1,MLGYLILYMIIGGILLAYGSDWFIEGSTRVAKHFNVSNFVIGATIVAFGTSLPEIVTSSGAALSGSPGLAVGNAVGSCIANIGIILGISVLMYPLIIKKRAIIKNGNIYLIATILLVILGYNGFSRFDGLILFLFMISYVIYTIKTSESDEEELISDITTKKASIFIVVGLLAVILGSDLFIEGAKGIAEYFNVPESIIGFSLVAFGTSLPELASSVAAAKRKLGSIVLGNVIGSNIANTCIALSFSAMIVDIPSYNVELMVNTIMALLIIFTMNREKIKKMLNFKNFRTDYFSKIDRIDGISYILIYLIFLAYLLGYIF,
A9A896,,1,MLGYLISYMIFGGILLAYGSDWFIEGSTRVAKHFNVSNFVIGATIVAFGTSLPEIVTSSGAALSGSPGLAVGNAVGSCIANIGIILGISVLMYPLIIKKRAIIKNGNIYLLATILLVILGYNGFSRFDGLILFLFMISYVIYTIKTSESDDEEIISDITVKKASAFIVVGLLAVILGSDLFIEGAKGIAEYFNVPESIIGFSLVAFGTSLPELASSVAAAKRKLGSIVLGNVIGSNITNTCVALSFSAIIVDIPKYNVELMVNTTMALLIIITMNREQIKKMLNFKNFRTDYFSKIGRIDGISYILIYLIFLAYLLGYIF,
A4FZ20,,1,MLEYFILYLIFGGILLIYGSEWFIAGSISIAKHLKISNFVIGATIVAFGTSLPEIVTSSYAALSGSPDLAVGNAVGSCIANIGIILGINLLLYPIIIKKREILKNGNIYLLATILLVILGYNGFSRFDGLILFLFMIIYVIYTIKTNESDSEEIISDITVKKALLFILIGLVGVILGSDLLIMGAKGIAEYFNILESIIGFSLVAFGNSLPELATSISAARRNLGIIVLGNVIGSNIANICIALSVSAMIVDIPKYNVELMVNTFMAFLLIFTLNREKIKKILNFKNVKMEYFSKMDEIDGIFYISTYLIFLAYLLGKTF,
A6UP77,,1,MLSYGSDWFVLGASRFAKEFKIPSFVIGATIVAFGTSLPEIFTSAYAASTGSVDLALGNALGSCIANIGLVLGLSLIISSVFIKNKSVVKNGYLYLVYTLILTTLGYNGFSSFDGLILILLLLFYLVYTIKTGEADNEEHEKDTTFKKSIFYLLIGLAIVVFGSQFFVDGAKGLASAFGISEKIIGFTIVAFGTSLPELSVSVAAARQKLGGIVIGNIIGSNIINTCGALAIAALISEIPVFKFELVTNFLMVFLLVILMNKEKIKGILHLKKIDNRLSKITRFDGLILVIIYLLFIFGLNIGIIF,
A0A849QUV5,,1,MLPDILLFIIAFPIIVYSSDFFTENAVKLARSFGVSQFLIGITIVGIGTSLPEIVVTDYASFSGVSGIVIGNVVGSNITNIALVLGLSFFIRNTVISDDHMFKESIIHLLVISFGILLILTNDSISRLEGVILTGVYIVYILYSIKSHKKPNESKNNNDFNIKIIFYTLAGLVGVLIGSKLLVDSAVVLADQMGISSAVIGLTVIALGTSLPELAVSISAARRGFTMLILGNVIGSNITNIVLAMGTASMIREVVVEDAFLFRFNLAYMLLLSLILILVVRKKEISRLWGALYLLMYVFFIY,
